clid,pdb_id,chain,wt,res_index,mut,ddg_exp_kcal,pH,temp_C,aa,ss,asa
1EY0A,1EY0,A,A,12.0,G,-2.37,7.0,20.0,A,E,12
1EY0A,1EY0,A,A,12.0,V,-0.89,7.0,20.0,A,E,12
1EY0A,1EY0,A,A,17.0,G,0.19,7.0,20.0,A,E,14
1EY0A,1EY0,A,A,17.0,V,-1.94,7.0,20.0,A,E,14
1EY0A,1EY0,A,A,58.0,G,-2.53,7.0,20.0,A,H,0
1EY0A,1EY0,A,A,58.0,V,-2.63,7.0,20.0,A,H,0
1EY0A,1EY0,A,A,60.0,C,-1.12,7.0,20.0,A,H,46
1EY0A,1EY0,A,A,60.0,F,-0.8,7.0,20.0,A,H,46
1EY0A,1EY0,A,A,60.0,G,-1.45,7.0,20.0,A,H,46
1EY0A,1EY0,A,A,60.0,V,-2.68,7.0,20.0,A,H,46
1EY0A,1EY0,A,A,69.0,G,-2.1,7.0,20.0,A,C,23
1EY0A,1EY0,A,A,69.0,T,-3.03,7.0,20.0,A,C,23
1EY0A,1EY0,A,A,69.0,V,-2.8,7.0,20.0,A,C,23
1EY0A,1EY0,A,A,90.0,G,-1.92,7.0,20.0,A,E,0
1EY0A,1EY0,A,A,90.0,S,-2.24,6.7,30.3,A,E,0
1EY0A,1EY0,A,A,90.0,V,0.04,7.0,20.0,A,E,0
1EY0A,1EY0,A,A,94.0,G,-2.54,7.0,20.0,A,E,3
1EY0A,1EY0,A,A,94.0,V,-1.13,7.0,20.0,A,E,3
1EY0A,1EY0,A,A,102.0,F,-1.71,7.0,20.0,A,H,18
1EY0A,1EY0,A,A,102.0,G,-1.37,7.0,20.0,A,H,18
1EY0A,1EY0,A,A,102.0,V,-1.84,7.0,20.0,A,H,18
1EY0A,1EY0,A,A,109.0,G,-0.98,7.0,20.0,A,C,0
1EY0A,1EY0,A,A,109.0,V,-2.82,7.0,20.0,A,C,0
1EY0A,1EY0,A,A,112.0,C,-0.75,7.0,20.0,A,C,14
1EY0A,1EY0,A,A,112.0,F,-1.35,7.0,20.0,A,C,14
1EY0A,1EY0,A,A,112.0,G,0.2,7.0,20.0,A,C,14
1EY0A,1EY0,A,A,112.0,V,-1.19,7.0,20.0,A,C,14
1EY0A,1EY0,A,A,130.0,G,-1.0,7.0,20.0,A,H,50
1EY0A,1EY0,A,A,130.0,V,-1.08,7.0,20.0,A,H,50
1EY0A,1EY0,A,A,132.0,G,-3.6,7.0,20.0,A,H,0
1EY0A,1EY0,A,A,132.0,V,-4.73,7.0,20.0,A,H,0
1EY0A,1EY0,A,D,19.0,A,-0.09,7.0,20.0,D,S,6
1EY0A,1EY0,A,D,19.0,F,-1.28,7.0,20.0,D,S,6
1EY0A,1EY0,A,D,19.0,G,-0.42,7.0,20.0,D,S,6
1EY0A,1EY0,A,D,19.0,K,-0.41,7.0,20.0,D,S,6
1EY0A,1EY0,A,D,19.0,N,0.07,7.0,20.0,D,S,6
1EY0A,1EY0,A,D,21.0,A,0.83,7.0,20.0,D,S,3
1EY0A,1EY0,A,D,21.0,G,0.46,7.0,20.0,D,S,3
1EY0A,1EY0,A,D,21.0,K,1.1,7.0,20.0,D,S,3
1EY0A,1EY0,A,D,21.0,N,1.43,7.0,20.0,D,S,3
1EY0A,1EY0,A,D,40.0,A,0.41,7.0,20.0,D,E,64
1EY0A,1EY0,A,D,40.0,G,-0.38,7.0,20.0,D,E,64
1EY0A,1EY0,A,D,77.0,A,-2.39,6.5,21.6,D,C,3
1EY0A,1EY0,A,D,77.0,G,-1.81,7.0,20.0,D,C,3
1EY0A,1EY0,A,D,77.0,K,-3.28,7.0,20.0,D,C,3
1EY0A,1EY0,A,D,77.0,N,-2.69,7.0,20.0,D,C,3
1EY0A,1EY0,A,D,83.0,A,-3.76,7.0,20.0,D,C,37
1EY0A,1EY0,A,D,83.0,G,-2.64,7.0,20.0,D,C,37
1EY0A,1EY0,A,D,95.0,A,-3.5,7.0,20.0,D,T,58
1EY0A,1EY0,A,D,95.0,G,-2.93,7.0,20.0,D,T,58
1EY0A,1EY0,A,E,10.0,A,-1.34,7.0,20.0,E,E,27
1EY0A,1EY0,A,E,10.0,G,-1.86,7.0,20.0,E,E,27
1EY0A,1EY0,A,E,10.0,K,-1.98,7.0,20.0,E,E,27
1EY0A,1EY0,A,E,10.0,Q,-0.97,7.0,20.0,E,E,27
1EY0A,1EY0,A,E,43.0,A,0.32,7.0,20.0,E,C,39
1EY0A,1EY0,A,E,43.0,D,0.2,7.0,20.0,E,C,39
1EY0A,1EY0,A,E,43.0,G,0.59,7.0,20.0,E,C,39
1EY0A,1EY0,A,E,52.0,A,-0.05,7.0,20.0,E,C,61
1EY0A,1EY0,A,E,52.0,F,-0.51,7.0,20.0,E,C,61
1EY0A,1EY0,A,E,52.0,G,-0.27,7.0,20.0,E,C,61
1EY0A,1EY0,A,E,57.0,A,-0.1,7.0,20.0,E,H,102
1EY0A,1EY0,A,E,57.0,C,-0.64,7.0,20.0,E,H,102
1EY0A,1EY0,A,E,57.0,F,-0.79,7.0,20.0,E,H,102
1EY0A,1EY0,A,E,57.0,G,-1.41,7.0,20.0,E,H,102
1EY0A,1EY0,A,E,57.0,K,0.01,7.0,20.0,E,H,102
1EY0A,1EY0,A,E,57.0,Q,-0.14,7.0,20.0,E,H,102
1EY0A,1EY0,A,E,67.0,A,-1.05,7.0,20.0,E,H,96
1EY0A,1EY0,A,E,67.0,F,-1.33,7.0,20.0,E,H,96
1EY0A,1EY0,A,E,67.0,G,-1.0,7.0,20.0,E,H,96
1EY0A,1EY0,A,E,67.0,Q,-0.57,7.0,20.0,E,H,96
1EY0A,1EY0,A,E,73.0,A,-1.46,7.0,20.0,E,E,56
1EY0A,1EY0,A,E,73.0,F,-0.88,7.0,20.0,E,E,56
1EY0A,1EY0,A,E,73.0,G,-2.76,7.0,20.0,E,E,56
1EY0A,1EY0,A,E,73.0,K,-2.06,7.0,20.0,E,E,56
1EY0A,1EY0,A,E,73.0,Q,-0.64,7.0,20.0,E,E,56
1EY0A,1EY0,A,E,75.0,A,-1.69,6.2,22.5,E,E,10
1EY0A,1EY0,A,E,75.0,G,-3.43,7.0,20.0,E,E,10
1EY0A,1EY0,A,E,75.0,K,-2.22,7.0,20.0,E,E,10
1EY0A,1EY0,A,E,75.0,Q,-0.61,7.0,20.0,E,E,10
1EY0A,1EY0,A,E,75.0,V,-2.31,7.0,20.0,E,E,10
1EY0A,1EY0,A,E,101.0,A,-1.36,7.0,20.0,E,H,43
1EY0A,1EY0,A,E,101.0,F,-2.74,7.0,20.0,E,H,43
1EY0A,1EY0,A,E,101.0,G,-2.47,7.0,20.0,E,H,43
1EY0A,1EY0,A,E,122.0,A,-0.27,7.0,20.0,E,H,40
1EY0A,1EY0,A,E,122.0,F,-0.44,7.0,20.0,E,H,40
1EY0A,1EY0,A,E,122.0,G,-1.99,7.0,20.0,E,H,40
1EY0A,1EY0,A,E,122.0,K,-2.53,7.0,20.0,E,H,40
1EY0A,1EY0,A,E,122.0,Q,-1.52,7.0,20.0,E,H,40
1EY0A,1EY0,A,E,129.0,A,-2.2,7.0,20.0,E,H,24
1EY0A,1EY0,A,E,129.0,F,-3.88,7.0,20.0,E,H,24
1EY0A,1EY0,A,E,129.0,G,-3.72,7.0,20.0,E,H,24
1EY0A,1EY0,A,E,135.0,A,-0.73,7.0,20.0,E,T,76
1EY0A,1EY0,A,E,135.0,F,-1.1,7.0,20.0,E,T,76
1EY0A,1EY0,A,E,135.0,G,-1.64,7.0,20.0,E,T,76
1EY0A,1EY0,A,E,135.0,K,-1.17,7.0,20.0,E,T,76
1EY0A,1EY0,A,E,135.0,Q,-0.71,7.0,20.0,E,T,76
1EY0A,1EY0,A,F,34.0,A,-3.8,7.0,20.0,F,E,0
1EY0A,1EY0,A,F,61.0,A,-2.34,7.0,20.0,F,H,57
1EY0A,1EY0,A,F,61.0,G,-4.76,7.0,20.0,F,H,57
1EY0A,1EY0,A,F,76.0,A,-4.1,7.0,20.0,F,E,12
1EY0A,1EY0,A,F,76.0,G,-4.73,7.0,20.0,F,E,12
1EY0A,1EY0,A,G,20.0,A,-0.12,7.0,20.0,G,S,0
1EY0A,1EY0,A,G,20.0,V,-2.18,7.0,20.0,G,S,0
1EY0A,1EY0,A,G,29.0,A,-1.41,7.0,20.0,G,T,61
1EY0A,1EY0,A,G,29.0,C,-1.26,7.0,20.0,G,T,61
1EY0A,1EY0,A,G,29.0,F,-1.46,7.0,20.0,G,T,61
1EY0A,1EY0,A,G,29.0,V,-3.11,7.0,20.0,G,T,61
1EY0A,1EY0,A,G,50.0,A,0.16,7.0,20.0,G,C,21
1EY0A,1EY0,A,G,50.0,C,-0.75,7.0,20.0,G,C,21
1EY0A,1EY0,A,G,50.0,F,-0.55,7.0,20.0,G,C,21
1EY0A,1EY0,A,G,50.0,V,-1.0,7.0,20.0,G,C,21
1EY0A,1EY0,A,G,55.0,A,-0.44,7.0,20.0,G,H,0
1EY0A,1EY0,A,G,55.0,V,-1.48,7.0,20.0,G,H,0
1EY0A,1EY0,A,G,79.0,A,-2.17,7.0,20.0,G,S,15
1EY0A,1EY0,A,G,79.0,D,-2.28,7.0,20.0,G,S,15
1EY0A,1EY0,A,G,79.0,S,-2.14,6.5,31.5,G,S,15
1EY0A,1EY0,A,G,79.0,V,-2.23,7.0,20.0,G,S,15
1EY0A,1EY0,A,G,86.0,A,-0.31,7.0,20.0,G,S,48
1EY0A,1EY0,A,G,86.0,F,-1.99,7.0,20.0,G,S,48
1EY0A,1EY0,A,G,86.0,V,-3.74,7.0,20.0,G,S,48
1EY0A,1EY0,A,G,88.0,A,0.19,7.0,20.0,G,E,0
1EY0A,1EY0,A,G,88.0,V,-0.24,6.8,28.9,G,E,0
1EY0A,1EY0,A,G,88.0,W,-0.1,7.0,20.0,G,E,0
1EY0A,1EY0,A,G,96.0,A,-1.8,7.0,20.0,G,T,52
1EY0A,1EY0,A,G,96.0,F,-2.55,7.0,20.0,G,T,52
1EY0A,1EY0,A,G,96.0,V,-3.74,7.0,20.0,G,T,52
1EY0A,1EY0,A,G,107.0,A,-4.41,7.0,20.0,G,T,0
1EY0A,1EY0,A,H,8.0,A,-0.48,7.0,20.0,H,C,111
1EY0A,1EY0,A,H,8.0,G,-0.85,7.0,20.0,H,C,111
1EY0A,1EY0,A,H,46.0,A,-0.45,7.0,20.0,H,C,53
1EY0A,1EY0,A,H,46.0,G,-0.17,7.0,20.0,H,C,53
1EY0A,1EY0,A,H,46.0,Y,0.0,5.4,40.0,H,C,53
1EY0A,1EY0,A,H,121.0,A,-2.92,7.0,20.0,H,T,38
1EY0A,1EY0,A,H,121.0,G,-4.09,7.0,20.0,H,T,38
1EY0A,1EY0,A,H,124.0,A,0.57,7.0,20.0,H,H,94
1EY0A,1EY0,A,H,124.0,E,0.46,7.0,20.0,H,H,94
1EY0A,1EY0,A,H,124.0,F,0.51,7.0,20.0,H,H,94
1EY0A,1EY0,A,H,124.0,G,-0.52,7.0,20.0,H,H,94
1EY0A,1EY0,A,H,124.0,L,1.31,5.9,46.9,H,H,94
1EY0A,1EY0,A,H,124.0,Q,0.69,7.0,20.0,H,H,94
1EY0A,1EY0,A,I,15.0,A,-2.73,7.0,20.0,I,E,75
1EY0A,1EY0,A,I,15.0,G,-3.43,7.0,20.0,I,E,75
1EY0A,1EY0,A,I,15.0,L,-0.62,7.0,20.0,I,E,75
1EY0A,1EY0,A,I,15.0,M,-0.15,7.0,20.0,I,E,75
1EY0A,1EY0,A,I,15.0,V,-0.88,7.0,20.0,I,E,75
1EY0A,1EY0,A,I,18.0,A,-2.65,7.0,20.0,I,C,43
1EY0A,1EY0,A,I,18.0,G,-2.63,7.0,20.0,I,C,43
1EY0A,1EY0,A,I,18.0,L,-0.14,7.0,20.0,I,C,43
1EY0A,1EY0,A,I,18.0,M,-0.68,6.7,23.6,I,C,43
1EY0A,1EY0,A,I,18.0,V,-0.96,7.0,20.0,I,C,43
1EY0A,1EY0,A,I,72.0,L,-0.23,7.0,20.0,I,E,15
1EY0A,1EY0,A,I,72.0,M,-1.88,7.0,20.0,I,E,15
1EY0A,1EY0,A,I,72.0,V,-1.79,7.0,20.0,I,E,15
1EY0A,1EY0,A,I,92.0,A,-4.12,7.0,20.0,I,E,1
1EY0A,1EY0,A,I,92.0,L,-0.6,7.0,20.0,I,E,1
1EY0A,1EY0,A,I,92.0,M,-1.75,7.0,20.0,I,E,1
1EY0A,1EY0,A,I,92.0,V,-0.46,7.0,20.0,I,E,1
1EY0A,1EY0,A,I,139.0,A,-3.29,7.0,20.0,I,G,48
1EY0A,1EY0,A,I,139.0,G,-4.22,7.0,20.0,I,G,48
1EY0A,1EY0,A,I,139.0,L,-0.09,7.0,20.0,I,G,48
1EY0A,1EY0,A,I,139.0,M,-0.39,7.0,20.0,I,G,48
1EY0A,1EY0,A,I,139.0,V,-1.37,7.0,20.0,I,G,48
1EY0A,1EY0,A,K,6.0,A,0.19,7.0,20.0,K,C,235
1EY0A,1EY0,A,K,6.0,G,0.25,7.0,20.0,K,C,235
1EY0A,1EY0,A,K,9.0,A,-1.38,7.0,20.0,K,E,90
1EY0A,1EY0,A,K,9.0,F,-1.03,7.0,20.0,K,E,90
1EY0A,1EY0,A,K,9.0,G,-1.88,7.0,20.0,K,E,90
1EY0A,1EY0,A,K,16.0,A,-0.06,7.0,20.0,K,E,128
1EY0A,1EY0,A,K,16.0,F,-0.38,7.0,20.0,K,E,128
1EY0A,1EY0,A,K,16.0,G,-0.76,7.0,20.0,K,E,128
1EY0A,1EY0,A,K,24.0,A,-0.34,7.0,20.0,K,E,83
1EY0A,1EY0,A,K,24.0,F,-0.4,7.0,20.0,K,E,83
1EY0A,1EY0,A,K,24.0,G,-1.6,7.0,20.0,K,E,83
1EY0A,1EY0,A,K,28.0,A,-0.7,7.0,20.0,K,T,163
1EY0A,1EY0,A,K,28.0,E,-0.79,7.0,20.0,K,T,163
1EY0A,1EY0,A,K,28.0,F,-0.85,7.0,20.0,K,T,163
1EY0A,1EY0,A,K,28.0,G,-0.8,7.0,20.0,K,T,163
1EY0A,1EY0,A,K,28.0,Q,-0.28,7.0,20.0,K,T,163
1EY0A,1EY0,A,K,45.0,A,0.19,7.0,20.0,K,S,135
1EY0A,1EY0,A,K,45.0,G,0.2,7.0,20.0,K,S,135
1EY0A,1EY0,A,K,48.0,A,0.09,7.0,20.0,K,S,186
1EY0A,1EY0,A,K,48.0,E,0.1,7.0,20.0,K,S,186
1EY0A,1EY0,A,K,48.0,F,-0.25,7.0,20.0,K,S,186
1EY0A,1EY0,A,K,48.0,G,0.24,7.0,20.0,K,S,186
1EY0A,1EY0,A,K,48.0,Q,-0.02,7.0,20.0,K,S,186
1EY0A,1EY0,A,K,49.0,A,-0.25,7.0,20.0,K,S,172
1EY0A,1EY0,A,K,49.0,F,0.2,7.0,20.0,K,S,172
1EY0A,1EY0,A,K,49.0,G,-0.1,7.0,20.0,K,S,172
1EY0A,1EY0,A,K,53.0,A,-0.17,7.0,20.0,K,T,155
1EY0A,1EY0,A,K,53.0,G,-0.08,7.0,20.0,K,T,155
1EY0A,1EY0,A,K,63.0,A,-0.32,7.0,20.0,K,H,88
1EY0A,1EY0,A,K,63.0,E,-1.47,7.0,20.0,K,H,88
1EY0A,1EY0,A,K,63.0,F,-1.83,7.0,20.0,K,H,88
1EY0A,1EY0,A,K,63.0,G,-1.57,7.0,20.0,K,H,88
1EY0A,1EY0,A,K,63.0,Q,-0.89,7.0,20.0,K,H,88
1EY0A,1EY0,A,K,64.0,A,0.16,7.0,20.0,K,H,134
1EY0A,1EY0,A,K,64.0,E,-1.68,7.0,20.0,K,H,134
1EY0A,1EY0,A,K,64.0,F,-0.09,7.0,20.0,K,H,134
1EY0A,1EY0,A,K,64.0,G,-0.51,7.0,20.0,K,H,134
1EY0A,1EY0,A,K,64.0,Q,0.0,7.0,20.0,K,H,134
1EY0A,1EY0,A,K,70.0,A,-0.16,7.0,20.0,K,S,183
1EY0A,1EY0,A,K,70.0,C,-0.48,7.0,20.0,K,S,183
1EY0A,1EY0,A,K,70.0,E,-0.3,7.0,20.0,K,S,183
1EY0A,1EY0,A,K,70.0,F,-0.03,7.0,20.0,K,S,183
1EY0A,1EY0,A,K,70.0,G,-0.6,7.0,20.0,K,S,183
1EY0A,1EY0,A,K,70.0,Q,-0.25,7.0,20.0,K,S,183
1EY0A,1EY0,A,K,70.0,W,-0.4,7.0,20.0,K,S,183
1EY0A,1EY0,A,K,71.0,A,-0.55,7.0,20.0,K,C,135
1EY0A,1EY0,A,K,71.0,F,0.04,7.0,20.0,K,C,135
1EY0A,1EY0,A,K,71.0,G,-1.31,7.0,20.0,K,C,135
1EY0A,1EY0,A,K,78.0,A,-0.5,7.0,20.0,K,S,140
1EY0A,1EY0,A,K,78.0,C,-0.26,7.0,20.0,K,S,140
1EY0A,1EY0,A,K,78.0,E,-0.69,7.0,20.0,K,S,140
1EY0A,1EY0,A,K,78.0,F,0.05,7.0,20.0,K,S,140
1EY0A,1EY0,A,K,78.0,G,-1.07,7.0,20.0,K,S,140
1EY0A,1EY0,A,K,78.0,Q,-0.15,7.0,20.0,K,S,140
1EY0A,1EY0,A,K,84.0,A,0.1,7.0,20.0,K,T,169
1EY0A,1EY0,A,K,84.0,E,0.0,7.0,20.0,K,T,169
1EY0A,1EY0,A,K,84.0,F,-0.75,7.0,20.0,K,T,169
1EY0A,1EY0,A,K,84.0,G,-0.39,7.0,20.0,K,T,169
1EY0A,1EY0,A,K,84.0,Q,-0.15,7.0,20.0,K,T,169
1EY0A,1EY0,A,K,97.0,A,-0.22,7.0,20.0,K,E,137
1EY0A,1EY0,A,K,97.0,E,-0.47,7.0,20.0,K,E,137
1EY0A,1EY0,A,K,97.0,F,-0.58,7.0,20.0,K,E,137
1EY0A,1EY0,A,K,97.0,G,-1.85,7.0,20.0,K,E,137
1EY0A,1EY0,A,K,97.0,Q,-0.3,7.0,20.0,K,E,137
1EY0A,1EY0,A,K,110.0,A,-1.13,7.0,20.0,K,E,101
1EY0A,1EY0,A,K,110.0,G,-2.59,7.0,20.0,K,E,101
1EY0A,1EY0,A,K,116.0,A,0.69,7.0,20.0,K,T,163
1EY0A,1EY0,A,K,116.0,F,0.21,7.0,20.0,K,T,163
1EY0A,1EY0,A,K,116.0,G,1.05,7.0,20.0,K,T,163
1EY0A,1EY0,A,K,127.0,A,0.24,7.0,20.0,K,H,133
1EY0A,1EY0,A,K,127.0,E,0.13,7.0,20.0,K,H,133
1EY0A,1EY0,A,K,127.0,F,-0.22,7.0,20.0,K,H,133
1EY0A,1EY0,A,K,127.0,G,-0.79,7.0,20.0,K,H,133
1EY0A,1EY0,A,K,127.0,Q,0.06,7.0,20.0,K,H,133
1EY0A,1EY0,A,K,133.0,A,-1.32,7.0,20.0,K,H,98
1EY0A,1EY0,A,K,133.0,F,-1.26,7.0,20.0,K,H,98
1EY0A,1EY0,A,K,133.0,G,-3.22,7.0,20.0,K,H,98
1EY0A,1EY0,A,K,133.0,Q,-0.44,7.0,20.0,K,H,98
1EY0A,1EY0,A,K,134.0,A,0.12,7.0,20.0,K,H,146
1EY0A,1EY0,A,K,134.0,C,-0.7,7.0,20.0,K,H,146
1EY0A,1EY0,A,K,134.0,F,-0.26,7.0,20.0,K,H,146
1EY0A,1EY0,A,K,134.0,G,-0.79,7.0,20.0,K,H,146
1EY0A,1EY0,A,K,136.0,A,-0.75,7.0,20.0,K,T,148
1EY0A,1EY0,A,K,136.0,F,-0.97,7.0,20.0,K,T,148
1EY0A,1EY0,A,K,136.0,G,-0.02,7.0,20.0,K,T,148
1EY0A,1EY0,A,L,7.0,A,-1.35,7.0,20.0,L,C,41
1EY0A,1EY0,A,L,7.0,G,-1.26,7.0,20.0,L,C,41
1EY0A,1EY0,A,L,7.0,I,-0.77,7.0,20.0,L,C,41
1EY0A,1EY0,A,L,7.0,V,-1.15,7.0,20.0,L,C,41
1EY0A,1EY0,A,L,14.0,A,-2.38,7.0,20.0,L,E,41
1EY0A,1EY0,A,L,14.0,G,-3.84,7.0,20.0,L,E,41
1EY0A,1EY0,A,L,14.0,I,-1.6,7.0,20.0,L,E,41
1EY0A,1EY0,A,L,14.0,V,-1.63,7.0,20.0,L,E,41
1EY0A,1EY0,A,L,25.0,A,-2.77,6.4,40.2,L,E,0
1EY0A,1EY0,A,L,25.0,G,-4.58,7.0,20.0,L,E,0
1EY0A,1EY0,A,L,25.0,I,-1.83,7.0,20.0,L,E,0
1EY0A,1EY0,A,L,25.0,V,-1.85,7.0,20.0,L,E,0
1EY0A,1EY0,A,L,36.0,A,-3.66,7.0,20.0,L,E,1
1EY0A,1EY0,A,L,36.0,I,-3.09,7.0,20.0,L,E,1
1EY0A,1EY0,A,L,36.0,V,-3.58,7.0,20.0,L,E,1
1EY0A,1EY0,A,L,37.0,A,-1.51,7.0,20.0,L,T,14
1EY0A,1EY0,A,L,37.0,G,-3.79,7.0,20.0,L,T,14
1EY0A,1EY0,A,L,37.0,I,-1.82,7.0,20.0,L,T,14
1EY0A,1EY0,A,L,37.0,V,-2.78,7.0,20.0,L,T,14
1EY0A,1EY0,A,L,38.0,A,-1.51,7.0,20.0,L,T,11
1EY0A,1EY0,A,L,38.0,G,-0.28,7.0,20.0,L,T,11
1EY0A,1EY0,A,L,38.0,I,-2.06,7.0,20.0,L,T,11
1EY0A,1EY0,A,L,38.0,V,-0.14,7.0,20.0,L,T,11
1EY0A,1EY0,A,L,89.0,A,-2.6,7.0,20.0,L,E,27
1EY0A,1EY0,A,L,89.0,F,-1.2,5.4,40.0,L,E,27
1EY0A,1EY0,A,L,89.0,G,-3.18,7.0,20.0,L,E,27
1EY0A,1EY0,A,L,89.0,I,-1.04,7.0,20.0,L,E,27
1EY0A,1EY0,A,L,89.0,V,-1.42,7.0,20.0,L,E,27
1EY0A,1EY0,A,L,103.0,A,-4.6,7.0,20.0,L,H,0
1EY0A,1EY0,A,L,103.0,I,-1.11,7.0,20.0,L,H,0
1EY0A,1EY0,A,L,103.0,V,-2.05,7.0,20.0,L,H,0
1EY0A,1EY0,A,L,108.0,I,-3.34,7.0,20.0,L,S,8
1EY0A,1EY0,A,L,108.0,V,-3.81,7.0,20.0,L,S,8
1EY0A,1EY0,A,L,125.0,A,-4.78,7.0,20.0,L,H,0
1EY0A,1EY0,A,L,125.0,I,-0.96,7.0,20.0,L,H,0
1EY0A,1EY0,A,L,125.0,V,-2.3,7.0,20.0,L,H,0
1EY0A,1EY0,A,L,137.0,A,-2.18,7.0,20.0,L,C,46
1EY0A,1EY0,A,L,137.0,G,-4.43,7.0,20.0,L,C,46
1EY0A,1EY0,A,L,137.0,I,-0.76,7.0,20.0,L,C,46
1EY0A,1EY0,A,L,137.0,V,-1.42,7.0,20.0,L,C,46
1EY0A,1EY0,A,M,26.0,A,-1.61,7.0,20.0,M,E,66
1EY0A,1EY0,A,M,26.0,G,-1.95,6.2,22.5,M,E,66
1EY0A,1EY0,A,M,26.0,I,-0.84,7.0,20.0,M,E,66
1EY0A,1EY0,A,M,26.0,L,-0.31,7.0,20.0,M,E,66
1EY0A,1EY0,A,M,32.0,A,-1.81,7.0,20.0,M,E,45
1EY0A,1EY0,A,M,32.0,G,-2.54,7.0,20.0,M,E,45
1EY0A,1EY0,A,M,32.0,I,-0.56,7.0,20.0,M,E,45
1EY0A,1EY0,A,M,32.0,L,-0.76,7.0,20.0,M,E,45
1EY0A,1EY0,A,M,65.0,A,-2.06,7.0,20.0,M,H,36
1EY0A,1EY0,A,M,65.0,F,-1.62,7.0,20.0,M,H,36
1EY0A,1EY0,A,M,65.0,G,-4.66,7.0,20.0,M,H,36
1EY0A,1EY0,A,M,65.0,I,-1.43,7.0,20.0,M,H,36
1EY0A,1EY0,A,M,65.0,L,-0.73,7.0,20.0,M,H,36
1EY0A,1EY0,A,M,98.0,A,-4.43,7.0,20.0,M,E,17
1EY0A,1EY0,A,M,98.0,G,-4.44,7.0,20.0,M,E,17
1EY0A,1EY0,A,M,98.0,I,-4.39,7.0,20.0,M,E,17
1EY0A,1EY0,A,M,98.0,L,-2.3,7.0,20.0,M,E,17
1EY0A,1EY0,A,N,68.0,A,-0.38,7.0,20.0,N,T,125
1EY0A,1EY0,A,N,68.0,G,-0.35,7.0,20.0,N,T,125
1EY0A,1EY0,A,N,100.0,G,-4.98,7.0,20.0,N,H,0
1EY0A,1EY0,A,N,118.0,A,-1.88,7.0,20.0,N,B,8
1EY0A,1EY0,A,N,118.0,D,-2.34,7.0,20.0,N,B,8
1EY0A,1EY0,A,N,118.0,G,-1.61,7.0,20.0,N,B,8
1EY0A,1EY0,A,N,119.0,A,-1.03,7.0,20.0,N,C,16
1EY0A,1EY0,A,N,119.0,G,-0.97,7.0,20.0,N,C,16
1EY0A,1EY0,A,N,138.0,A,-0.97,7.0,20.0,N,G,51
1EY0A,1EY0,A,N,138.0,G,0.59,7.0,20.0,N,G,51
1EY0A,1EY0,A,Q,30.0,A,-0.25,7.0,20.0,Q,E,123
1EY0A,1EY0,A,Q,30.0,G,-0.93,7.0,20.0,Q,E,123
1EY0A,1EY0,A,Q,80.0,A,-0.02,7.0,20.0,Q,C,133
1EY0A,1EY0,A,Q,80.0,F,-0.58,7.0,20.0,Q,C,133
1EY0A,1EY0,A,Q,80.0,G,-1.25,7.0,20.0,Q,C,133
1EY0A,1EY0,A,Q,106.0,A,0.25,7.0,20.0,Q,T,79
1EY0A,1EY0,A,Q,106.0,G,-1.5,7.0,20.0,Q,T,79
1EY0A,1EY0,A,Q,123.0,A,-0.1,7.0,20.0,Q,H,127
1EY0A,1EY0,A,Q,123.0,F,-0.51,7.0,20.0,Q,H,127
1EY0A,1EY0,A,Q,123.0,G,-0.44,7.0,20.0,Q,H,127
1EY0A,1EY0,A,Q,131.0,A,-0.1,7.0,20.0,Q,H,71
1EY0A,1EY0,A,Q,131.0,F,-0.55,7.0,20.0,Q,H,71
1EY0A,1EY0,A,Q,131.0,G,-2.26,7.0,20.0,Q,H,71
1EY0A,1EY0,A,R,35.0,A,-1.38,7.0,20.0,R,E,33
1EY0A,1EY0,A,R,35.0,G,-2.26,7.0,20.0,R,E,33
1EY0A,1EY0,A,R,81.0,A,-1.1,7.0,20.0,R,S,141
1EY0A,1EY0,A,R,81.0,G,-2.06,7.0,20.0,R,S,141
1EY0A,1EY0,A,R,87.0,A,-0.79,7.0,20.0,R,C,61
1EY0A,1EY0,A,R,87.0,G,-2.53,7.0,20.0,R,C,61
1EY0A,1EY0,A,R,105.0,A,-1.32,7.0,20.0,R,H,70
1EY0A,1EY0,A,R,105.0,C,-2.55,7.0,20.0,R,H,70
1EY0A,1EY0,A,R,105.0,F,-2.84,7.0,20.0,R,H,70
1EY0A,1EY0,A,R,105.0,G,-2.4,7.0,20.0,R,H,70
1EY0A,1EY0,A,R,126.0,A,-1.64,7.0,20.0,R,H,95
1EY0A,1EY0,A,R,126.0,G,-2.86,7.0,20.0,R,H,95
1EY0A,1EY0,A,S,59.0,A,0.62,7.0,20.0,S,H,26
1EY0A,1EY0,A,S,59.0,F,0.56,7.0,20.0,S,H,26
1EY0A,1EY0,A,S,59.0,G,-1.03,7.0,20.0,S,H,26
1EY0A,1EY0,A,S,128.0,A,0.83,7.0,20.0,S,H,10
1EY0A,1EY0,A,S,128.0,F,-1.0,7.0,20.0,S,H,10
1EY0A,1EY0,A,S,128.0,G,-1.52,7.0,20.0,S,H,10
1EY0A,1EY0,A,S,141.0,A,-0.27,7.0,31.4,S,C,102
1EY0A,1EY0,A,S,141.0,G,-0.82,7.0,20.0,S,C,102
1EY0A,1EY0,A,T,13.0,A,-0.73,7.0,20.0,T,E,95
1EY0A,1EY0,A,T,13.0,C,-1.2,7.0,20.0,T,E,95
1EY0A,1EY0,A,T,13.0,G,-1.16,7.0,20.0,T,E,95
1EY0A,1EY0,A,T,13.0,I,-0.05,7.0,20.0,T,E,95
1EY0A,1EY0,A,T,13.0,S,-0.35,7.0,20.0,T,E,95
1EY0A,1EY0,A,T,13.0,V,-0.26,7.0,20.0,T,E,95
1EY0A,1EY0,A,T,22.0,A,-1.69,7.0,20.0,T,E,9
1EY0A,1EY0,A,T,22.0,C,-0.95,7.0,20.0,T,E,9
1EY0A,1EY0,A,T,22.0,G,-2.54,7.0,20.0,T,E,9
1EY0A,1EY0,A,T,22.0,I,-0.61,7.0,20.0,T,E,9
1EY0A,1EY0,A,T,22.0,S,-0.74,7.0,20.0,T,E,9
1EY0A,1EY0,A,T,22.0,V,-0.85,7.0,20.0,T,E,9
1EY0A,1EY0,A,T,33.0,A,-1.52,7.0,20.0,T,E,38
1EY0A,1EY0,A,T,33.0,C,-1.04,7.0,20.0,T,E,38
1EY0A,1EY0,A,T,33.0,G,-2.62,7.0,20.0,T,E,38
1EY0A,1EY0,A,T,33.0,I,0.73,7.0,20.0,T,E,38
1EY0A,1EY0,A,T,33.0,S,-1.35,7.0,20.0,T,E,38
1EY0A,1EY0,A,T,33.0,V,0.47,7.0,20.0,T,E,38
1EY0A,1EY0,A,T,41.0,A,0.07,7.0,20.0,T,C,7
1EY0A,1EY0,A,T,41.0,C,0.74,7.0,20.0,T,C,7
1EY0A,1EY0,A,T,41.0,G,-1.79,7.0,20.0,T,C,7
1EY0A,1EY0,A,T,41.0,I,0.86,7.0,20.0,T,C,7
1EY0A,1EY0,A,T,41.0,S,-0.88,7.0,20.0,T,C,7
1EY0A,1EY0,A,T,41.0,V,0.9,7.0,20.0,T,C,7
1EY0A,1EY0,A,T,44.0,A,-0.23,7.0,20.0,T,S,38
1EY0A,1EY0,A,T,44.0,C,-0.04,7.0,20.0,T,S,38
1EY0A,1EY0,A,T,44.0,G,-0.37,7.0,20.0,T,S,38
1EY0A,1EY0,A,T,44.0,I,-0.56,7.0,20.0,T,S,38
1EY0A,1EY0,A,T,44.0,S,0.04,7.0,20.0,T,S,38
1EY0A,1EY0,A,T,44.0,V,0.09,7.0,20.0,T,S,38
1EY0A,1EY0,A,T,62.0,A,-2.23,7.0,20.0,T,H,1
1EY0A,1EY0,A,T,62.0,C,-1.05,7.0,20.0,T,H,1
1EY0A,1EY0,A,T,62.0,G,-3.52,7.0,20.0,T,H,1
1EY0A,1EY0,A,T,62.0,I,-1.17,7.0,20.0,T,H,1
1EY0A,1EY0,A,T,62.0,S,-2.15,7.0,20.0,T,H,1
1EY0A,1EY0,A,T,62.0,V,0.1,7.0,20.0,T,H,1
1EY0A,1EY0,A,T,82.0,A,-0.89,7.0,20.0,T,B,78
1EY0A,1EY0,A,T,82.0,C,-0.19,7.0,20.0,T,B,78
1EY0A,1EY0,A,T,82.0,G,-2.03,7.0,20.0,T,B,78
1EY0A,1EY0,A,T,82.0,I,0.51,7.0,20.0,T,B,78
1EY0A,1EY0,A,T,82.0,S,-0.75,7.0,20.0,T,B,78
1EY0A,1EY0,A,T,82.0,V,0.24,7.0,20.0,T,B,78
1EY0A,1EY0,A,T,120.0,A,-1.08,7.0,20.0,T,T,50
1EY0A,1EY0,A,T,120.0,C,-1.59,7.0,20.0,T,T,50
1EY0A,1EY0,A,T,120.0,G,-1.87,7.0,20.0,T,T,50
1EY0A,1EY0,A,T,120.0,I,-1.54,7.0,20.0,T,T,50
1EY0A,1EY0,A,T,120.0,S,-0.57,7.0,20.0,T,T,50
1EY0A,1EY0,A,T,120.0,V,-1.63,7.0,20.0,T,T,50
1EY0A,1EY0,A,V,23.0,A,-2.7,6.2,22.5,V,E,1
1EY0A,1EY0,A,V,23.0,F,-1.93,6.2,29.2,V,E,1
1EY0A,1EY0,A,V,23.0,I,0.03,7.0,20.0,V,E,1
1EY0A,1EY0,A,V,23.0,L,-0.02,7.0,20.0,V,E,1
1EY0A,1EY0,A,V,23.0,S,-4.76,7.0,20.0,V,E,1
1EY0A,1EY0,A,V,23.0,T,-3.34,7.0,20.0,V,E,1
1EY0A,1EY0,A,V,39.0,A,-2.16,7.0,20.0,V,E,0
1EY0A,1EY0,A,V,39.0,G,-4.61,7.0,20.0,V,E,0
1EY0A,1EY0,A,V,39.0,I,0.11,7.0,20.0,V,E,0
1EY0A,1EY0,A,V,39.0,L,-0.9,7.0,20.0,V,E,0
1EY0A,1EY0,A,V,39.0,S,-2.44,7.0,20.0,V,E,0
1EY0A,1EY0,A,V,39.0,T,-1.55,7.0,20.0,V,E,0
1EY0A,1EY0,A,V,51.0,A,-0.05,7.0,20.0,V,S,102
1EY0A,1EY0,A,V,51.0,G,-0.17,7.0,20.0,V,S,102
1EY0A,1EY0,A,V,51.0,I,0.09,7.0,20.0,V,S,102
1EY0A,1EY0,A,V,51.0,L,-0.1,7.0,20.0,V,S,102
1EY0A,1EY0,A,V,51.0,S,0.01,7.0,20.0,V,S,102
1EY0A,1EY0,A,V,51.0,T,0.2,7.0,20.0,V,S,102
1EY0A,1EY0,A,V,66.0,A,-2.34,7.0,20.0,V,H,4
1EY0A,1EY0,A,V,66.0,G,-4.49,7.0,20.0,V,H,4
1EY0A,1EY0,A,V,66.0,I,-0.76,7.0,20.0,V,H,4
1EY0A,1EY0,A,V,66.0,K,-4.83,9.2,20.0,V,H,4
1EY0A,1EY0,A,V,66.0,L,0.37,6.8,28.9,V,H,4
1EY0A,1EY0,A,V,66.0,M,-0.14,8.2,20.0,V,H,4
1EY0A,1EY0,A,V,66.0,S,-3.09,7.0,20.0,V,H,4
1EY0A,1EY0,A,V,66.0,T,-1.34,7.0,20.0,V,H,4
1EY0A,1EY0,A,V,66.0,W,-2.69,7.0,20.0,V,H,4
1EY0A,1EY0,A,V,74.0,A,-3.23,7.0,20.0,V,E,0
1EY0A,1EY0,A,V,74.0,I,-1.91,7.0,20.0,V,E,0
1EY0A,1EY0,A,V,74.0,L,-1.12,7.0,20.0,V,E,0
1EY0A,1EY0,A,V,74.0,T,-3.88,7.0,20.0,V,E,0
1EY0A,1EY0,A,V,99.0,A,-3.35,7.0,20.0,V,H,1
1EY0A,1EY0,A,V,99.0,I,-0.14,7.0,20.0,V,H,1
1EY0A,1EY0,A,V,99.0,L,-0.15,7.0,20.0,V,H,1
1EY0A,1EY0,A,V,99.0,T,-3.36,7.0,20.0,V,H,1
1EY0A,1EY0,A,V,104.0,A,-2.82,7.0,20.0,V,H,0
1EY0A,1EY0,A,V,104.0,I,0.27,7.0,20.0,V,H,0
1EY0A,1EY0,A,V,104.0,L,-0.76,7.0,20.0,V,H,0
1EY0A,1EY0,A,V,104.0,S,-4.86,7.0,20.0,V,H,0
1EY0A,1EY0,A,V,104.0,T,-2.45,7.0,20.0,V,H,0
1EY0A,1EY0,A,V,111.0,A,-4.26,7.0,20.0,V,E,13
1EY0A,1EY0,A,V,111.0,G,-4.82,7.0,20.0,V,E,13
1EY0A,1EY0,A,V,111.0,I,-0.74,7.0,20.0,V,E,13
1EY0A,1EY0,A,V,111.0,L,-0.88,7.0,20.0,V,E,13
1EY0A,1EY0,A,V,111.0,S,-4.71,7.0,20.0,V,E,13
1EY0A,1EY0,A,V,111.0,T,-2.36,7.0,20.0,V,E,13
1EY0A,1EY0,A,V,114.0,A,0.14,7.0,20.0,V,C,28
1EY0A,1EY0,A,V,114.0,G,-0.03,7.0,20.0,V,C,28
1EY0A,1EY0,A,V,114.0,I,-0.15,7.0,20.0,V,C,28
1EY0A,1EY0,A,V,114.0,L,-1.07,7.0,20.0,V,C,28
1EY0A,1EY0,A,V,114.0,S,-0.04,7.0,20.0,V,C,28
1EY0A,1EY0,A,V,114.0,T,-0.31,7.0,20.0,V,C,28
1EY0A,1EY0,A,Y,27.0,A,-3.63,7.0,20.0,Y,E,15
1EY0A,1EY0,A,Y,27.0,C,-2.72,7.0,20.0,Y,E,15
1EY0A,1EY0,A,Y,27.0,F,-0.4,7.0,20.0,Y,E,15
1EY0A,1EY0,A,Y,27.0,H,-1.86,7.0,20.0,Y,E,15
1EY0A,1EY0,A,Y,27.0,I,-2.28,7.0,20.0,Y,E,15
1EY0A,1EY0,A,Y,27.0,K,-3.78,7.0,20.0,Y,E,15
1EY0A,1EY0,A,Y,27.0,L,-1.55,7.0,20.0,Y,E,15
1EY0A,1EY0,A,Y,27.0,M,-1.94,7.0,20.0,Y,E,15
1EY0A,1EY0,A,Y,27.0,N,-3.83,7.0,20.0,Y,E,15
1EY0A,1EY0,A,Y,27.0,Q,-3.31,7.0,20.0,Y,E,15
1EY0A,1EY0,A,Y,27.0,R,-3.05,7.0,20.0,Y,E,15
1EY0A,1EY0,A,Y,27.0,S,-3.21,7.0,20.0,Y,E,15
1EY0A,1EY0,A,Y,27.0,T,-3.18,7.0,20.0,Y,E,15
1EY0A,1EY0,A,Y,27.0,V,-2.65,7.0,20.0,Y,E,15
1EY0A,1EY0,A,Y,27.0,W,-0.72,7.0,20.0,Y,E,15
1EY0A,1EY0,A,Y,54.0,A,-1.97,7.0,20.0,Y,T,38
1EY0A,1EY0,A,Y,54.0,F,-0.38,7.0,20.0,Y,T,38
1EY0A,1EY0,A,Y,54.0,G,-1.72,7.0,20.0,Y,T,38
1EY0A,1EY0,A,Y,54.0,L,-3.31,7.0,20.0,Y,T,38
1EY0A,1EY0,A,Y,85.0,A,-0.41,7.0,20.0,Y,T,165
1EY0A,1EY0,A,Y,85.0,F,-0.07,7.0,20.0,Y,T,165
1EY0A,1EY0,A,Y,85.0,G,-1.05,7.0,20.0,Y,T,165
1EY0A,1EY0,A,Y,85.0,L,-0.15,7.0,20.0,Y,T,165
1EY0A,1EY0,A,Y,91.0,F,-2.27,7.0,20.0,Y,E,0
1EY0A,1EY0,A,Y,91.0,L,-3.83,7.0,20.0,Y,E,0
1EY0A,1EY0,A,Y,93.0,F,-1.81,7.0,20.0,Y,E,16
1EY0A,1EY0,A,Y,93.0,L,-4.53,7.0,20.0,Y,E,16
1EY0A,1EY0,A,Y,113.0,A,0.06,7.0,20.0,Y,C,292
1EY0A,1EY0,A,Y,113.0,F,0.07,7.0,20.0,Y,C,292
1EY0A,1EY0,A,Y,113.0,G,-0.2,7.0,20.0,Y,C,292
1EY0A,1EY0,A,Y,113.0,L,0.2,7.0,20.0,Y,C,292
1EY0A,1EY0,A,Y,115.0,A,-0.25,7.0,20.0,Y,B,161
1EY0A,1EY0,A,Y,115.0,F,-0.02,7.0,20.0,Y,B,161
1EY0A,1EY0,A,Y,115.0,G,-0.56,7.0,20.0,Y,B,161
1EY0A,1EY0,A,Y,115.0,L,-0.22,7.0,20.0,Y,B,161
