clid,pdb_id,chain,wt,res_index,mut,ddg_exp_kcal,pH,temp_C
1EL1A,1LZ1,A,I,59,F,-0.81,2.7,64.9
1EY0A,1EY0,A,L,137,G,-4.43,7.0,20.0
1BNIA,1BNI,A,T,6,A,-2.21,6.3,25.0
1UZCA,1UZC,A,T,13,S,0.1,5.7,9.9
1CEYA,1CEY,A,F,14,N,2.64,7.5,25.0
1EY0A,1EY0,A,D,19,G,-0.42,7.0,20.0
1EL1A,1LZ1,A,Y,38,A,-2.49,2.7,64.9
1WQ5A,1WQ5,A,G,211,E,1.1,7.8,33.2
1BNIA,1BNI,A,H,18,A,-1.99,6.3,25.0
1MGRA,1LNI,A,V,43,T,-0.5,7.0,48.4
1EL1A,4LYZ,A,I,58,M,-1.18,5.5,35.0
1FKJA,1FKJ,A,I,56,D,-2.88,7.5,25.0
1DILA,3SIL,A,A,69,V,0.45,7.0,25.0
1MJCA,1MJC,A,T,68,W,0.7,7.0,25.0
1EL1A,4LYZ,A,N,19,K,-1.06,6.4,74.0
1MBGA,1MBG,A,V,103,L,2.08,7.4,21.4
2LZMA,2LZM,A,T,157,N,-0.99,2.5,46.3
3GLYA,3GLY,A,G,139,A,-1.4,4.5,30.0
1BNIA,1BNI,A,A,32,T,-0.64,6.3,25.0
1BPIA,5PTI,A,Y,35,G,-5.0,5.4,25.0
1RX4A,5DFR,A,V,88,A,0.29,7.2,20.0
1CEYA,1CEY,A,A,113,G,-0.75,8.0,25.0
1RN1C,1RN1,C,N,44,A,-1.88,7.0,37.9
1APSA,1APS,A,V,39,A,-1.63,5.5,28.0
1YYJA,1YYJ,A,R,34,A,-2.25,5.0,25.0
2RN2A,2RN2,A,D,10,N,0.99,6.8,48.1
1E65A,1E65,A,V,22,A,-1.44,7.0,25.0
1BVCA,1BVC,A,L,29,M,0.1,11.0,76.5
1EY0A,1EY0,A,G,96,F,-2.55,7.0,20.0
1BNIA,1BNI,A,T,6,S,-0.22,6.3,25.0
1BNIA,1BNI,A,D,8,G,-1.23,6.3,25.0
1EY0A,1EY0,A,K,97,G,-1.85,7.0,20.0
1RX4A,5DFR,A,N,59,G,-2.01,7.8,15.0
1AM7A,1AM7,A,H,31,D,-1.6,7.0,25.0
1EY0A,1EY0,A,D,77,G,-1.81,7.0,20.0
1EL1A,1HMK,A,V,90,A,0.9,7.0,25.0
1IOBA,2NVH,A,T,9,A,-1.45,6.5,25.0
1EY0A,1EY0,A,Q,80,A,-0.02,7.0,20.0
2AC0A,2OCJ,A,C,242,S,-3.3,7.2,10.0
1IMQA,1IMQ,A,V,68,I,-0.81,6.0,10.0
1EY0A,1EY0,A,V,104,A,-2.82,7.0,20.0
1AG2A,1AG2,A,V,210,I,-0.07,7.0,25.0
1EY0A,1EY0,A,K,136,F,-0.97,7.0,20.0
1FLVA,1FTG,A,L,6,A,-3.11,7.0,34.6
1SHFA,1SHF,A,E,107,R,-3.38,8.0,25.0
1RX4A,5DFR,A,G,67,A,-0.05,7.0,15.0
1LVEA,1LVE,A,S,29,N,0.39,7.5,25.0
1EL1A,1LZ1,A,D,18,N,-1.28,3.4,65.0
1ZNJB,1ZNJ,B,H,10,D,0.76,7.2,24.0
1BNIA,1BNI,A,I,55,T,-0.94,6.3,25.0
1YYJA,1YYJ,A,A,87,G,-3.2,5.0,25.0
1EL1A,1LZ1,A,V,74,N,-0.33,2.7,64.9
1MGRA,1LNI,A,T,16,V,0.3,7.0,48.4
1RTBA,1RTB,A,V,118,A,-1.92,5.0,40.0
1BNIA,1BNI,A,I,96,V,-0.97,5.9,28.1
1SHFA,1SHF,A,S,124,H,-1.25,8.0,25.0
1H7MA,1H7M,A,R,39,A,-0.07,7.4,25.0
1CUNA,1AJ3,A,S,21,A,0.5,7.0,25.0
1BNIA,1BNI,A,I,55,V,-0.37,6.3,25.0
1HMEA,1HME,A,G,35,H,-0.33,7.0,20.0
1RN1C,1RN1,C,V,89,S,-4.87,7.0,25.0
1EY0A,1EY0,A,D,77,N,-2.69,7.0,20.0
1P2PA,1G4I,A,F,106,A,-1.23,8.0,25.0
2RN2A,2RN2,A,D,10,H,1.65,6.8,48.1
1C5GA,1QLP,A,W,238,F,0.98,7.8,25.0
1LVEA,2IMM,A,F,32,Y,0.38,7.4,20.0
1EY0A,1EY0,A,L,125,A,-4.78,7.0,20.0
1LVEA,1LVE,A,Q,38,N,-1.6,7.5,25.0
2LZMA,2LZM,A,R,119,M,0.0,4.8,59.8
2LZMA,2LZM,A,V,131,L,0.09,3.0,53.1
1YYJA,1YYJ,A,F,65,A,-1.92,5.0,25.0
1EY0A,1EY0,A,H,124,E,0.46,7.0,20.0
1EY0A,1EY0,A,A,90,V,0.04,7.0,20.0
1BNIA,1BNI,A,D,8,A,-0.8,5.9,25.0
1SAKA,1SAK,A,E,336,A,0.4,7.0,25.0
1VQBA,1VQB,A,V,43,C,-1.05,7.0,25.0
2RN2A,2RN2,A,D,134,H,1.42,4.6,52.0
1A5EA,1IHB,A,F,92,N,-0.71,7.5,25.0
1RX4A,5DFR,A,R,44,L,0.78,7.8,15.0
1CUNA,1AJ3,A,D,17,G,-1.2,7.0,25.0
1AARA,1OTR,B,I,30,F,-3.32,3.0,50.0
1EL1A,1LZ1,A,V,110,N,0.07,2.7,64.9
1E65A,1E65,A,F,110,S,-3.95,7.3,26.5
1EL1A,1LZ1,A,I,59,Y,-3.78,2.7,64.9
1SAKA,1SAK,A,F,328,A,-2.36,7.0,25.0
1EL1A,1LZ1,A,V,110,I,0.86,2.7,64.9
1EL1A,1HMK,A,L,110,A,-0.35,7.0,25.0
1BNIA,1BNI,A,D,22,M,-0.27,4.4,25.0
1FNFA,1FNA,A,I,59,A,-3.33,5.0,25.0
1MGRA,1LNI,A,N,39,D,-1.5,7.0,48.4
1BNIA,1BNI,A,I,51,A,-4.71,6.3,25.0
1AMQA,1AMQ,A,C,191,Y,-1.05,7.5,25.0
1MJCA,1CSP,A,R,56,Q,0.28,7.5,55.0
1EY0A,1EY0,A,D,21,N,1.43,7.0,20.0
1AG2A,1AG2,A,E,200,K,-0.23,7.0,25.0
1EY0A,1EY0,A,V,99,A,-3.35,7.0,20.0
1C5GA,1QLP,A,V,55,I,-0.2,6.5,25.0
1BNIA,1BNI,A,V,10,A,-3.46,6.3,25.0
2LZMA,2LZM,A,T,157,I,-1.79,3.8,54.6
1FKJA,1FKJ,A,V,4,A,-2.26,7.5,25.0
2CI2I,2CI2,I,T,22,A,-0.93,6.3,35.7
1EY0A,1EY0,A,G,88,W,-0.1,7.0,20.0
1BNIA,1BNI,A,Y,103,F,-0.06,6.3,25.0
1CUNA,1AJ3,A,I,63,V,-0.6,7.0,25.0
1EL1A,4LYZ,A,I,55,L,-0.45,6.4,74.0
1EL1A,1LZ1,A,Y,45,F,0.07,2.7,64.9
1MJCA,1C9O,A,G,23,Q,-0.13,7.0,47.6
2ABDA,2ABD,A,Y,73,F,0.29,5.3,5.0
1CUNA,1AJ3,A,A,89,G,-1.1,7.0,25.0
1WQ5A,1WQ5,A,E,49,S,-0.01,7.4,25.0
1EY0A,1EY0,A,E,52,G,-0.27,7.0,20.0
1FNFA,1FNA,A,I,90,A,-0.69,5.0,25.0
1UZCA,1UZC,A,A,17,G,-0.7,5.7,9.9
2ABDA,2ABD,A,D,21,A,0.03,5.3,5.0
2CI2I,2CI2,I,Q,41,G,-0.76,6.2,25.0
1AG2A,1AG2,A,F,198,S,-2.15,7.0,25.0
1EY0A,1EY0,A,K,49,A,-0.25,7.0,20.0
1EY0A,1EY0,A,A,69,T,-3.03,7.0,20.0
1TITA,1TIT,A,I,23,A,-2.7,7.4,25.0
1OIAA,1OIA,A,Y,78,F,0.0,7.0,22.0
1VQBA,1VQB,A,L,49,C,-2.05,7.0,25.0
1EY0A,1EY0,A,K,28,Q,-0.28,7.0,20.0
1ARRA,1ARR,A,Q,9,G,0.22,7.5,25.0
1E65A,1E65,A,I,81,V,-0.07,7.0,25.0
1MGRA,1LNI,A,D,79,N,1.46,6.8,49.1
1ROPA,1ROP,A,D,30,M,0.6,7.0,69.0
1EY0A,1EY0,A,T,13,A,-0.73,7.0,20.0
1BVCA,1BVC,A,W,7,F,-0.9,7.8,4.0
1UZCA,1UZC,A,I,44,A,-0.09,5.7,9.9
1AMQA,1AMQ,A,C,401,S,-1.79,7.5,25.0
2CI2I,2CI2,I,V,79,T,-0.89,6.3,25.0
1EY0A,1EY0,A,E,75,V,-2.31,7.0,20.0
1TENA,1TEN,A,Y,858,A,-1.21,5.0,25.0
1EL1A,4LYZ,A,A,31,I,1.4,6.4,74.0
1BNIA,1BNI,A,I,25,V,-1.05,6.3,25.0
1WQ5A,1WQ5,A,E,49,T,0.16,7.8,25.0
2LZMA,2LZM,A,M,6,I,-3.1,6.5,43.5
1MGRA,1LNI,A,Y,55,F,-0.6,7.0,25.0
1WQ5A,1WQ5,A,E,49,V,2.43,7.4,25.0
1TENA,1TEN,A,L,851,A,-2.88,5.0,25.0
1FNFA,1FNA,A,Y,92,F,0.13,5.0,25.0
1BNIA,1BNI,A,G,34,H,-2.62,6.6,25.0
1EY0A,1EY0,A,A,69,G,-2.1,7.0,20.0
2CI2I,2CI2,I,I,48,A,-3.68,5.3,25.0
2A36A,2A36,A,T,22,K,0.0,6.0,25.0
1H7MA,1H7M,A,H,78,A,-0.5,7.4,25.0
1SHFA,1SHF,A,S,124,D,-2.02,8.0,25.0
1MGRA,1MGR,A,Y,89,F,0.0,7.0,25.0
1RG8A,1RG8,A,G,62,N,-0.97,6.6,24.9
1EY0A,1EY0,A,T,33,S,-1.35,7.0,20.0
1RX4A,5DFR,A,V,40,H,-2.76,7.8,15.0
1RTBA,1RTB,A,V,116,A,-0.67,5.0,40.0
1EL1A,1LZ1,A,V,100,T,-0.29,2.7,64.9
1EL1A,1LZ1,A,V,74,S,-0.38,2.7,64.9
1RX4A,5DFR,A,L,28,R,1.08,7.8,15.0
1C5GA,1QLP,A,V,364,I,0.4,6.5,25.0
1BPIA,5PTI,A,G,12,D,-4.3,8.7,25.0
1BNIA,1BNI,A,N,23,A,-2.27,6.3,25.0
1SHFA,1SHF,A,E,107,S,-1.64,8.0,25.0
1EY0A,1EY0,A,I,72,V,-1.79,7.0,20.0
1EY0A,1EY0,A,I,15,V,-0.88,7.0,20.0
1BNIA,1BNI,A,H,18,D,-2.38,6.3,25.0
1VQBA,1VQB,A,V,35,C,-0.55,7.0,25.0
1EY0A,1EY0,A,K,116,A,0.69,7.0,20.0
1BTAA,1BTA,A,K,78,A,-0.05,8.0,25.0
1EY0A,1EY0,A,V,114,I,-0.15,7.0,20.0
1P2PA,1P2P,A,H,48,K,-2.12,7.0,20.0
1CLWA,1TYV,A,E,309,V,-0.77,7.4,88.4
2TRXA,2TRX,A,L,78,R,-2.0,7.0,85.3
3BLSA,1KE4,A,Y,150,F,-2.05,6.8,38.9
1CUNA,1AJ3,A,E,25,G,-1.1,7.0,25.0
1C5GA,1QLP,A,V,173,I,0.5,6.5,25.0
1EY0A,1EY0,A,T,41,S,-0.88,7.0,20.0
1RISA,1RIS,A,L,75,A,-1.35,8.0,25.0
1C5GA,1QLP,A,F,51,L,2.1,6.5,25.0
1EY0A,1EY0,A,G,79,A,-2.17,7.0,20.0
2ABDA,2ABD,A,K,54,A,-0.97,5.3,5.0
1EY0A,1EY0,A,I,139,A,-3.29,7.0,20.0
2LZMA,2LZM,A,G,30,A,0.1,5.4,66.5
1WQ5A,1WQ5,A,C,81,S,-1.41,9.0,50.0
1WQ5A,1WQ5,A,C,154,V,-1.12,9.0,50.0
1UWOA,1IGV,A,V,61,A,-2.93,7.0,25.0
1B8EA,1B8E,A,W,19,Y,-3.45,7.1,30.0
2RN2A,2RN2,A,D,10,E,1.04,6.8,48.1
1EY0A,1EY0,A,N,68,A,-0.38,7.0,20.0
1BNIA,1BNI,A,S,28,E,0.5,6.3,25.0
1UZCA,1UZC,A,K,26,A,0.11,5.7,9.9
2RN2A,2RN2,A,A,52,N,-1.8,3.2,53.0
1EY0A,1EY0,A,N,119,G,-0.97,7.0,20.0
1FLVA,1FTG,A,T,122,S,0.03,7.0,34.6
1SHFA,1SHF,A,E,107,F,-1.63,8.0,25.0
1EY0A,1EY0,A,I,15,L,-0.62,7.0,20.0
1RN1C,1RN1,C,V,16,T,-3.65,7.0,25.0
1EL1A,4LYZ,A,E,35,H,-2.45,4.6,35.0
1ONCA,1ONC,A,F,28,A,-5.0,5.5,20.0
1WQ5A,1WQ5,A,C,154,A,-1.03,9.0,50.0
1RTBA,1RTB,A,V,54,L,-1.09,5.0,40.0
1ROPA,1ROP,A,L,41,V,-1.26,6.0,25.0
1WQ5A,1WQ5,A,E,49,M,3.13,7.4,25.1
1SAKA,1SAK,A,F,341,L,-0.91,7.0,25.0
1SAKA,1SAK,A,E,343,A,-0.25,7.0,25.0
1EL1A,1HFZ,A,I,59,W,-0.93,7.4,56.2
1EY0A,1EY0,A,V,23,T,-3.34,7.0,20.0
1EY0A,1EY0,A,A,112,C,-0.75,7.0,20.0
1FKJA,1FKJ,A,I,76,V,-0.33,7.5,25.0
1APSA,1APS,A,G,45,A,-1.73,5.5,28.0
1BNIA,1BNI,A,E,29,S,-1.22,6.3,25.0
1ACBI,1CSE,I,V,14,A,-1.04,7.0,25.0
1C5GA,1QLP,A,A,250,L,-1.0,6.5,25.0
1BNIA,1BNI,A,A,32,G,-0.82,6.3,25.0
1CUNA,1AJ3,A,D,68,G,-1.3,7.0,25.0
1EY0A,1EY0,A,H,124,G,-0.52,7.0,20.0
1CLWA,1TYV,A,T,235,I,-0.53,7.4,88.4
1C5GA,1QLP,A,A,183,L,1.4,6.5,25.0
3MBPA,3MBP,A,G,19,C,-2.15,7.6,25.0
1SHFA,1SHF,A,S,124,T,-1.65,8.0,25.0
1MGRA,1LNI,A,D,79,W,2.25,7.0,52.6
2RN2A,2RN2,A,I,53,L,-1.4,5.5,25.0
1RHGA,1RHG,A,G,87,A,-0.97,7.0,25.0
1AARA,1OTR,B,K,11,A,-0.14,5.0,25.0
1LVEA,1LVE,A,,,,0.98,7.5,25.0
1EL1A,4LYZ,A,G,67,A,-1.19,4.2,48.8
1SUPA,1SUP,A,M,50,F,0.48,8.0,58.8
1MGRA,1LNI,A,T,5,V,0.0,7.0,48.4
1FKJA,1FKJ,A,L,50,A,-2.22,7.5,25.0
1PGAA,1PGA,A,T,53,V,-0.58,5.2,44.0
1HK0X,1HK0,X,Q,143,A,-0.4,7.0,37.0
1H7MA,1H7M,A,R,8,A,-0.77,7.4,25.0
2HPRA,1POH,A,K,49,D,1.41,7.0,25.0
1FLVA,1FTG,A,V,117,A,-2.02,7.0,34.6
1SAKA,1SAK,A,A,347,G,-0.97,7.0,25.0
1EY0A,1EY0,A,Y,85,L,-0.15,7.0,20.0
1BNIA,1BNI,A,G,65,S,0.74,6.3,25.0
1ACBI,1CSE,I,L,27,A,-0.16,7.0,25.0
1WQ5A,1WQ5,A,E,49,N,-0.05,7.8,25.0
1SHGA,1SHG,A,F,52,Y,0.44,7.0,24.9
1RX4A,5DFR,A,I,155,R,-2.65,7.8,15.0
1RX4A,5DFR,A,V,75,H,-1.72,7.1,15.0
1APSA,1APS,A,V,13,A,-2.63,5.5,28.0
2RN2A,2RN2,A,H,127,A,-0.32,6.4,25.0
1SHFA,1SHF,A,S,124,G,-1.68,8.0,25.0
1ROPA,1ROP,A,D,30,I,-0.8,7.0,69.0
1EY0A,1EY0,A,E,73,F,-0.88,7.0,20.0
1RX4A,5DFR,A,I,2,V,-0.55,7.8,15.0
1E65A,1E65,A,H,46,G,-2.5,7.0,20.0
2TRTA,2TRT,A,R,128,E,0.31,7.5,22.0
1UZCA,1UZC,A,Q,38,G,-1.57,5.7,9.9
1BVCA,1BVC,A,I,142,M,0.9,11.0,76.5
1SHFA,1SHF,A,I,111,L,-0.71,7.0,25.0
1RX4A,5DFR,A,N,59,Q,-0.35,7.8,15.0
1SAKA,1SAK,A,L,330,F,-1.8,7.0,25.0
1TENA,1TEN,A,I,809,V,0.02,5.0,25.0
1EY0A,1EY0,A,V,51,S,0.01,7.0,20.0
1A43A,1A43,A,E,159,D,-4.55,7.3,25.0
2AC0A,2OCJ,A,R,248,Q,-2.03,7.2,10.0
1VQBA,1VQB,A,V,45,L,-1.5,7.0,25.0
1CUNA,1AJ3,A,D,93,G,-0.3,7.0,25.0
1FNFA,1FNA,A,I,59,V,-0.72,5.0,25.0
1AMQA,1AMQ,A,C,192,S,-0.99,7.5,25.0
1EY0A,1EY0,A,T,13,I,-0.05,7.0,20.0
1CUNA,1AJ3,A,K,72,G,-1.4,7.0,25.0
1EY0A,1EY0,A,K,28,A,-0.7,7.0,20.0
2RN2A,2RN2,A,D,134,I,1.07,4.6,52.0
1EL1A,4LYZ,A,G,49,A,-1.91,4.2,48.8
1SAKA,1SAK,A,T,329,A,-1.02,7.0,25.0
1ROPA,1ROP,A,D,30,Y,0.2,7.0,69.0
1H7MA,1H7M,A,R,21,A,0.07,7.4,25.0
1EY0A,1EY0,A,Q,106,G,-1.5,7.0,20.0
1PGAA,1PGA,A,T,53,Y,0.52,5.2,44.0
1EY0A,1EY0,A,E,73,G,-2.76,7.0,20.0
1RTBA,1RTB,A,V,57,L,-2.37,5.0,40.0
1EY0A,1EY0,A,Y,54,G,-1.72,7.0,20.0
1HK0X,1HK0,X,I,81,A,-2.6,7.0,37.0
1EY0A,1EY0,A,K,49,G,-0.1,7.0,20.0
1EL1A,1HFZ,A,K,114,E,-0.65,7.4,56.2
1CUNA,1AJ3,A,L,73,A,-2.4,7.0,25.0
1EL1A,1LZ1,A,A,92,S,0.81,2.7,64.9
1ZG4A,1BLC,A,D,179,N,-0.44,6.5,20.0
1EY0A,1EY0,A,M,98,I,-4.39,7.0,20.0
5CROA,5CRO,A,Y,26,D,1.35,7.0,45.0
1EY0A,1EY0,A,S,141,G,-0.82,7.0,20.0
1FKJA,1FKJ,A,T,21,V,0.56,7.5,25.0
1FNFA,1FNA,A,V,50,A,-2.85,5.0,25.0
1WQ5A,1WQ5,A,L,127,A,-1.28,7.8,25.0
1B26A,1B26,A,E,231,A,-0.49,7.0,39.0
1BNIA,1BNI,A,I,76,T,-2.64,6.3,25.0
2ABDA,2ABD,A,I,74,A,-1.7,5.3,5.0
1EY0A,1EY0,A,K,97,Q,-0.3,7.0,20.0
1OIAA,1OIA,A,Y,86,F,-2.6,7.0,22.0
1RX4A,5DFR,A,N,59,K,-1.55,7.8,15.0
1EY0A,1EY0,A,T,44,S,0.04,7.0,20.0
1WQ5A,1WQ5,A,F,258,W,-1.17,7.8,23.0
1IO2A,1IO2,A,D,135,A,1.82,9.0,50.0
2CI2I,2CI2,I,F,69,V,-1.9,6.2,25.0
3SSIA,3SSI,A,M,73,L,-0.16,6.9,53.4
1HK0X,1HK0,X,L,145,A,-2.6,7.0,37.0
1H7MA,1H7M,A,K,46,A,-1.1,7.4,25.0
1P2PA,1G4I,A,H,48,Q,-0.49,8.0,30.0
1JIWI,1JIW,I,W,15,F,-2.3,7.1,25.0
1CUNA,1AJ3,A,W,95,F,-2.1,7.0,25.0
1A23A,1FVK,A,C,30,S,-1.79,7.5,25.0
1BNIA,1BNI,A,A,32,V,-0.62,6.3,25.0
1ARRA,1ARR,A,N,34,G,0.23,7.5,25.0
2Q98A,3HHR,A,S,71,V,-1.26,8.0,20.0
1RHGA,1RHG,A,G,28,A,2.35,7.0,25.0
1EY0A,1EY0,A,K,84,E,0.0,7.0,20.0
1APSA,1APS,A,T,42,A,-1.84,5.5,28.0
1UWOA,2H61,A,I,11,A,-1.65,7.2,25.0
1EY0A,1EY0,A,Y,85,F,-0.07,7.0,20.0
1BTAA,1BTA,A,K,21,Q,-1.09,8.0,25.0
1ZNJB,1ZNJ,B,H,10,T,0.03,8.0,25.0
1VQBA,1VQB,A,L,81,C,-1.85,7.0,25.0
1EL1A,1LZ1,A,V,2,D,-1.44,2.7,64.9
2ABDA,2ABD,A,K,54,M,0.1,5.3,5.0
1CAHA,1CAH,A,C,206,S,2.35,7.5,23.0
2RN2A,2RN2,A,H,83,A,0.07,6.4,25.0
1EY0A,1EY0,A,L,36,A,-3.66,7.0,20.0
2ABDA,2ABD,A,K,32,R,-1.83,5.3,5.0
1LVEA,1LVE,A,K,30,R,-0.55,7.5,25.0
1RX4A,5DFR,A,S,148,V,-0.35,7.8,15.0
1RX4A,5DFR,A,W,30,R,-2.09,7.8,15.0
1RG8A,1RG8,A,N,106,G,0.16,6.6,24.9
1VQBA,1VQB,A,R,82,C,-0.75,7.0,25.0
1TENA,1TEN,A,I,833,A,-3.3,5.0,25.0
1UZCA,1UZC,A,Y,49,F,-0.31,5.7,9.9
1EY0A,1EY0,A,E,135,K,-1.17,7.0,20.0
1RX4A,5DFR,A,G,15,A,0.44,7.8,15.0
1RX4A,5DFR,A,V,40,L,-0.78,7.8,15.0
1EY0A,1EY0,A,T,82,A,-0.89,7.0,20.0
2RN2A,2RN2,A,R,41,C,0.33,4.6,51.8
1EY0A,1EY0,A,T,41,G,-1.79,7.0,20.0
1EL1A,1HMK,A,L,96,A,-1.75,7.0,25.0
3PGKA,3PGK,A,L,399,W,-2.56,7.5,25.0
2RN2A,2RN2,A,K,91,R,0.07,4.6,49.8
1EY0A,1EY0,A,K,133,G,-3.22,7.0,20.0
1AONU,1AON,U,I,48,W,-0.2,7.8,25.0
1E65A,1E65,A,V,31,T,-1.08,7.0,25.0
1EL1A,1LZ1,A,V,110,L,0.07,2.7,64.9
3PGKA,3PGK,A,W,333,Y,-1.13,7.5,25.0
1TENA,1TEN,A,A,885,G,-0.92,5.0,25.0
1APSA,1APS,A,V,36,A,-2.54,5.5,28.0
1EY0A,1EY0,A,A,94,V,-1.13,7.0,20.0
1LVEA,2IMM,A,Q,79,E,-0.41,7.4,20.0
1FNFA,1FNA,A,V,66,A,-0.91,5.0,25.0
1BVCA,1BVC,A,L,29,I,-1.1,11.0,76.5
2CI2I,2CI2,I,I,56,A,-0.65,6.2,25.0
1TENA,1TEN,A,A,819,G,-2.67,5.0,25.0
1FKJA,1FKJ,A,T,27,A,-1.71,7.5,25.0
1BNIA,1BNI,A,T,6,N,-1.27,6.3,25.0
1SHFA,1SHF,A,E,107,Y,-2.4,8.0,25.0
1EY0A,1EY0,A,M,26,I,-0.84,7.0,20.0
1MGRA,1LNI,A,D,79,H,1.7,7.0,52.6
1EL1A,1HFZ,A,A,106,S,-1.05,7.4,56.2
1E65A,1E65,A,V,95,T,0.96,7.0,25.0
2RN2A,2RN2,A,H,62,A,0.44,6.4,25.0
1EY0A,1EY0,A,M,26,A,-1.61,7.0,20.0
1APSA,1APS,A,Y,25,A,0.1,5.5,28.0
2LZMA,2LZM,A,T,157,L,-1.63,2.5,46.3
1AM7A,1AM7,A,H,48,N,-5.0,7.0,25.0
2LZMA,2LZM,A,V,149,A,-2.87,7.0,22.0
1RTBA,1RTB,A,I,106,L,-1.79,5.0,40.0
1MJCA,1C9O,A,R,3,L,-0.11,7.0,47.6
2A36A,2A36,A,T,22,S,0.6,6.0,25.0
1EY0A,1EY0,A,G,55,V,-1.48,7.0,20.0
1SCEA,1DKT,A,K,11,A,0.62,7.5,10.0
1RX4A,5DFR,A,N,59,S,-1.26,7.8,15.0
1BNIA,1BNI,A,A,32,N,-0.51,6.3,25.0
1EY0A,1EY0,A,K,70,C,-0.48,7.0,20.0
1RN1C,1RN1,C,D,49,Y,0.0,7.0,52.4
2LZMA,2LZM,A,T,157,V,-1.49,2.5,46.3
1UWOA,1IGV,A,D,19,N,0.83,7.0,25.0
1SUPA,1SUP,A,G,169,A,0.3,8.0,58.8
1SHFA,1SHF,A,E,107,G,-2.29,8.0,25.0
1EY0A,1EY0,A,L,14,A,-2.38,7.0,20.0
1A5EA,1IHB,A,F,82,Q,-0.37,7.5,25.0
2LZMA,2LZM,A,E,11,A,1.1,5.4,66.5
1EY0A,1EY0,A,Y,85,G,-1.05,7.0,20.0
1EY0A,1EY0,A,V,104,T,-2.45,7.0,20.0
1VQBA,1VQB,A,C,33,L,-1.3,7.0,25.0
1MGRA,1LNI,A,E,41,K,-1.11,6.6,42.2
1FKJA,1FKJ,A,W,59,L,2.35,7.5,25.0
1EY0A,1EY0,A,F,76,G,-4.73,7.0,20.0
1G6NA,1G6N,A,S,128,A,-0.26,7.9,20.0
1FLVA,1FTG,A,N,97,A,-0.58,7.0,34.6
1YYJA,1YYJ,A,L,94,A,-1.5,5.0,25.0
1C5GA,1QLP,A,K,331,F,1.75,7.8,25.0
2CI2I,2CI2,I,T,22,V,-0.76,6.3,25.0
2CI2I,2CI2,I,L,40,A,-1.27,6.2,25.0
1AARA,1OTR,B,I,36,L,-1.32,3.0,50.0
1ROPA,1ROP,A,D,30,K,0.9,7.0,69.0
1RHGA,1RHG,A,G,26,A,1.93,7.0,25.0
2LZMA,2LZM,A,A,146,T,-2.25,6.1,44.5
1AKYA,1AKY,A,V,8,I,-1.2,7.5,25.0
1UWOA,2H61,A,F,14,A,-2.85,7.2,25.0
1MJCA,1C9O,A,E,12,K,-0.32,7.0,75.0
1BNIA,1BNI,A,I,4,V,-0.69,6.3,25.0
1BNIA,1BNI,A,T,26,G,-1.48,5.9,25.0
1EL1A,4LYZ,A,R,68,K,-0.04,6.4,74.0
1EY0A,1EY0,A,H,46,G,-0.17,7.0,20.0
1RN1C,1RN1,C,V,16,C,-4.99,7.0,25.0
1RX4A,5DFR,A,I,155,E,-2.62,7.8,15.0
3SSIA,3SSI,A,M,73,G,-0.11,6.9,53.4
1C5GA,1QLP,A,A,284,V,0.8,6.5,25.0
2LZMA,2LZM,A,I,3,M,-0.76,5.4,59.3
1IO2A,1IO2,A,E,8,A,1.77,9.0,50.0
1RX4A,5DFR,A,D,27,N,1.21,7.8,15.0
1EL1A,4LYZ,A,T,40,I,-2.2,6.4,74.0
1BTAA,1BTA,A,C,82,A,-0.1,7.2,25.0
1YYJA,1YYJ,A,V,69,G,-3.61,5.0,25.0
1EY0A,1EY0,A,L,103,A,-4.6,7.0,20.0
1EY0A,1EY0,A,N,118,A,-1.88,7.0,20.0
1CUNA,1AJ3,A,V,66,A,-2.3,7.0,25.0
1OIAA,1OIA,A,Y,31,F,0.0,7.0,22.0
1EY0A,1EY0,A,T,41,C,0.74,7.0,20.0
1EY0A,1EY0,A,K,70,G,-0.6,7.0,20.0
1BNIA,1BNI,A,T,79,V,0.24,6.3,25.0
1CEYA,1CEY,A,A,77,G,-0.31,8.0,25.0
1ARRA,1ARR,A,E,17,G,-0.57,7.5,25.0
2CI2I,2CI2,I,D,71,A,-3.28,6.2,25.0
1ZNJB,1ZNJ,B,K,29,G,-0.05,7.5,23.0
1BNIA,1BNI,A,T,26,S,-0.56,6.3,25.0
1RTBA,1RTB,A,I,106,A,-4.38,5.0,40.0
1EL1A,1LZ1,A,I,59,V,-1.1,2.7,64.9
2RN2A,2RN2,A,D,134,A,1.42,5.7,50.1
1EY0A,1EY0,A,E,129,F,-3.88,7.0,20.0
1EY0A,1EY0,A,A,102,F,-1.71,7.0,20.0
1RX4A,5DFR,A,I,61,V,-0.83,7.8,15.0
1BVCA,1BVC,A,A,130,L,-0.99,7.8,3.8
1EY0A,1EY0,A,E,75,A,-1.69,6.2,22.5
2LZMA,2LZM,A,I,3,S,-1.75,5.4,59.3
1MJCA,1MJC,A,F,31,S,-1.03,7.0,25.0
1K9QA,1K9Q,A,L,30,Y,0.27,7.0,56.7
1VQBA,1VQB,A,C,33,A,-0.25,7.0,25.0
2LZMA,2LZM,A,G,51,D,-2.63,7.0,22.0
1APSA,1APS,A,T,78,S,-1.41,5.5,28.0
1RX4A,5DFR,A,V,40,S,-2.04,7.8,15.0
1FNFA,1FNA,A,I,20,A,-0.65,5.0,25.0
2TS1A,2TS1,A,L,105,V,-3.15,7.8,25.0
1WQ5A,1WQ5,A,I,37,A,-4.42,7.8,25.0
1BNIA,1BNI,A,A,32,D,-0.56,6.3,25.0
1EL1A,1HMK,A,L,12,A,-2.73,7.0,25.0
1EY0A,1EY0,A,T,33,G,-2.62,7.0,20.0
1FLVA,1FTG,A,A,84,G,-1.9,7.0,34.6
1IOBA,2NVH,A,K,97,R,-1.8,6.5,25.0
1A23A,1FVK,A,H,32,Y,6.8,7.0,30.0
1EY0A,1EY0,A,A,90,G,-1.92,7.0,20.0
1AARA,1OTR,B,I,36,F,-0.86,3.0,50.0
1LVEA,1LVE,A,N,28,F,-2.41,7.5,25.0
1BNIA,1BNI,A,E,29,Q,-0.11,6.3,25.0
2LZMA,2LZM,A,T,152,S,-2.6,3.0,40.0
1VQBA,1VQB,A,M,77,C,0.0,7.0,25.0
1WQ5A,1WQ5,A,E,49,F,1.15,7.8,25.0
1C5GA,1QLP,A,A,250,I,-0.4,6.5,25.0
1CUNA,1CUN,A,L,214,A,-3.65,7.0,25.0
1EY0A,1EY0,A,Y,115,A,-0.25,7.0,20.0
1CUNA,1AJ3,A,I,23,V,-1.6,7.0,25.0
1EL1A,4LYZ,A,N,103,D,0.24,9.5,20.0
1BVCA,1BVC,A,F,123,K,-2.1,7.8,4.0
1EY0A,1EY0,A,L,25,G,-4.58,7.0,20.0
1UZCA,1UZC,A,A,53,G,-0.3,5.7,9.9
1EY0A,1EY0,A,T,120,A,-1.08,7.0,20.0
1AKYA,1AKY,A,T,77,H,-0.9,6.4,25.0
1RX4A,5DFR,A,D,122,A,-1.0,7.8,15.0
2A36A,2A36,A,T,22,F,1.3,6.0,25.0
2RN2A,2RN2,A,E,48,A,-0.23,6.8,48.1
2LZMA,2LZM,A,I,58,Y,-3.11,7.0,22.0
3MBPA,3MBP,A,W,10,A,-4.31,7.6,25.0
1CUNA,1AJ3,A,Q,100,A,0.4,7.0,25.0
2LZMA,2LZM,A,I,3,C,0.07,5.4,59.3
1EL1A,4LYZ,A,I,78,M,-0.9,5.5,35.0
1EL1A,1LZ1,A,V,110,F,-0.05,2.7,64.9
1EY0A,1EY0,A,K,84,Q,-0.15,7.0,20.0
2ABDA,2ABD,A,A,69,G,-2.28,5.3,5.0
1ARRA,1ARR,A,E,48,G,-1.14,7.5,25.0
1IMQA,1IMQ,A,E,31,L,-0.67,6.0,10.0
1UZCA,1UZC,A,I,44,V,-0.3,5.7,9.9
1OIAA,1OIA,A,Y,31,S,-2.3,7.0,22.0
1EL1A,1LZ1,A,D,67,N,-1.39,3.5,65.0
1YYJA,1YYJ,A,M,33,A,-2.97,5.0,25.0
1BNIA,1BNI,A,K,27,G,-0.3,6.3,25.0
1RX4A,5DFR,A,S,148,T,-0.41,7.8,15.0
2CI2I,2CI2,I,F,69,A,-3.53,6.2,25.0
1WQ5A,1WQ5,A,E,49,D,0.07,7.8,25.0
1EY0A,1EY0,A,K,78,A,-0.5,7.0,20.0
1RTBA,1RTB,A,I,107,L,-2.2,5.0,40.0
1EY0A,1EY0,A,K,24,F,-0.4,7.0,20.0
2CI2I,2CI2,I,K,36,A,-0.7,6.3,35.8
1EY0A,1EY0,A,T,82,C,-0.19,7.0,20.0
1TPKA,1TPK,A,V,65,A,-2.0,4.5,64.3
1C5GA,1QLP,A,K,331,T,-0.54,7.8,25.0
1OH0A,1OH0,A,Y,16,F,-1.79,7.0,25.0
1BNIA,1BNI,A,W,94,L,-1.12,7.8,25.0
1VQBA,1VQB,A,Y,26,R,-0.2,7.0,25.0
1H7MA,1H7M,A,R,76,A,0.19,7.4,25.0
1C5GA,1QLP,A,A,248,L,0.35,6.5,25.0
2HPRA,1POH,A,S,46,D,1.44,7.0,30.0
2CI2I,2CI2,I,E,45,A,-0.64,5.8,37.2
1BNIA,1BNI,A,T,16,S,-1.66,6.3,25.0
1EY0A,1EY0,A,H,8,G,-0.85,7.0,20.0
1BPIA,5PTI,A,G,36,S,-0.7,4.6,72.6
1TITA,1TIT,A,L,41,A,-2.7,7.4,25.0
1BRFA,1IRO,A,I,33,L,0.76,9.1,107.0
1RX4A,5DFR,A,I,155,Q,-3.01,7.8,15.0
1KFWA,1KFW,A,G,405,Q,0.62,7.5,16.0
1RTBA,1RTB,A,I,81,G,-4.81,5.0,40.0
1BNIA,1BNI,A,V,10,T,-2.37,6.3,25.0
2RN2A,2RN2,A,A,125,T,0.04,4.6,51.2
1CUNA,1CUN,A,S,201,A,0.15,7.0,25.0
2RN2A,2RN2,A,S,68,A,-0.2,4.6,34.0
1MGRA,1LNI,A,T,56,V,-1.9,7.0,48.4
2CI2I,2CI2,I,E,33,D,-0.65,6.2,25.0
1CEYA,1CEY,A,A,99,G,-0.48,8.0,25.0
1BVCA,1BVC,A,H,36,Q,-0.83,7.8,3.7
1EY0A,1EY0,A,D,83,A,-3.76,7.0,20.0
1FKJA,1FKJ,A,I,7,V,-0.9,7.5,25.0
1SHFA,1SHF,A,E,107,T,-0.6,8.0,25.0
1YYJA,1YYJ,A,I,98,A,-3.48,5.0,25.0
1CHKA,1CHK,A,W,28,F,-4.43,7.0,43.2
1FNFA,1FNA,A,Y,68,A,-1.88,5.0,25.0
1ARRA,1ARR,A,E,27,G,-0.43,7.5,25.0
1FNFA,1FNA,A,Y,36,A,-1.49,5.0,25.0
1EY0A,1EY0,A,E,10,Q,-0.97,7.0,20.0
1EY0A,1EY0,A,V,114,S,-0.04,7.0,20.0
1HK0X,1HK0,X,M,147,A,-1.1,7.0,37.0
1MJCA,1C9O,A,R,3,A,-1.88,7.0,70.0
1EY0A,1EY0,A,G,88,A,0.19,7.0,20.0
2ABDA,2ABD,A,L,25,A,-1.6,5.3,5.0
1FNFA,1FNA,A,W,22,F,-1.97,5.0,25.0
1EY0A,1EY0,A,E,10,A,-1.34,7.0,20.0
2Q98A,3HHR,A,E,74,D,-1.26,8.0,20.0
1TENA,1TEN,A,E,887,A,1.55,5.0,25.0
1EY0A,1EY0,A,M,32,L,-0.76,7.0,20.0
1EY0A,1EY0,A,G,20,V,-2.18,7.0,20.0
1FNFA,1FNA,A,I,34,V,-0.11,5.0,25.0
1FKJA,1FKJ,A,R,57,G,-1.89,7.5,25.0
1BNIA,1BNI,A,V,45,T,-2.34,6.3,25.0
1MGRA,1LNI,A,V,2,T,-0.9,7.0,48.4
1EY0A,1EY0,A,V,39,A,-2.16,7.0,20.0
1HMSA,1HMS,A,T,40,V,-0.76,8.0,25.0
1FNFA,1FNA,A,A,57,G,-2.49,5.0,25.0
1BVCA,1BVC,A,H,48,Q,-0.62,7.0,0.0
2ABDA,2ABD,A,F,5,A,-2.61,5.3,5.0
1EL1A,1LZ1,A,A,96,S,-1.0,2.7,64.9
2ABDA,2ABD,A,D,21,H,-0.56,5.3,5.0
1EY0A,1EY0,A,T,120,C,-1.59,7.0,20.0
1RG8A,1RG8,A,A,103,G,-0.46,6.6,24.9
1EY0A,1EY0,A,K,64,E,-1.68,7.0,20.0
1ARRA,1ARR,A,K,24,G,-1.23,7.5,25.0
1EY0A,1EY0,A,K,134,C,-0.7,7.0,20.0
1BNIA,1BNI,A,H,18,N,-1.74,6.3,25.0
2CI2I,2CI2,I,I,49,T,-1.21,6.3,25.0
1EL1A,1LZ1,A,I,106,A,-0.93,2.7,64.9
1EL1A,1LZ1,A,A,32,L,-0.1,2.7,64.9
1CUNA,1CUN,A,A,212,G,-1.45,7.0,25.0
1EL1A,1LZ1,A,G,127,A,-0.55,2.7,64.9
1SAKA,1SAK,A,F,328,L,-1.43,7.0,25.0
2LZMA,2LZM,A,G,156,D,-3.03,6.2,41.6
1EY0A,1EY0,A,Y,27,T,-3.18,7.0,20.0
1EY0A,1EY0,A,K,70,W,-0.4,7.0,20.0
1RX4A,5DFR,A,T,35,A,-1.1,7.8,15.0
1EY0A,1EY0,A,K,48,A,0.09,7.0,20.0
1HTIA,1HTI,A,K,193,A,0.5,8.0,25.0
1H7MA,1H7M,A,E,47,A,-0.05,7.4,25.0
1EY0A,1EY0,A,K,97,A,-0.22,7.0,20.0
1HMSA,1HMS,A,R,126,Q,-0.31,8.0,25.0
1EY0A,1EY0,A,L,108,V,-3.81,7.0,20.0
1SCEA,1DKT,A,Y,8,A,-0.68,7.5,10.0
1EY0A,1EY0,A,V,39,G,-4.61,7.0,20.0
1C5GA,1QLP,A,T,59,A,1.0,6.5,25.0
1VQBA,1VQB,A,L,37,V,-1.75,7.0,25.0
1MJCA,1CSP,A,E,3,R,1.77,7.3,52.8
1CUNA,1AJ3,A,R,14,A,-0.3,7.0,25.0
1SCEA,1DKT,A,E,18,A,-0.81,7.5,10.0
1MGRA,1MGR,A,Y,83,F,-1.5,7.0,25.0
1EY0A,1EY0,A,T,22,I,-0.61,7.0,20.0
2CI2I,2CI2,I,T,58,D,0.0,6.3,25.0
1MGRA,1LNI,A,D,17,K,-1.1,7.0,25.0
3SSIA,3SSI,A,V,13,F,-2.78,8.0,82.2
1RTBA,1RTB,A,V,108,L,-0.7,5.0,40.0
1VQBA,1VQB,A,L,37,I,-0.7,7.0,25.0
1EY0A,1EY0,A,V,66,L,0.37,6.8,28.9
2LZMA,2LZM,A,A,160,T,-3.12,6.5,43.5
1CUNA,1CUN,A,L,196,A,-4.55,7.0,25.0
1EY0A,1EY0,A,A,102,V,-1.84,7.0,20.0
2LZMA,2LZM,A,E,11,F,1.7,5.4,66.5
1EY0A,1EY0,A,V,66,M,-0.14,8.2,20.0
1EL1A,1LZ1,A,V,74,Y,-0.24,2.7,64.9
1VQBA,1VQB,A,F,73,W,0.4,7.0,25.0
1H7MA,1H7M,A,K,15,A,-0.91,7.4,25.0
1RX4A,5DFR,A,V,40,M,-1.27,7.8,15.0
1EL1A,1LZ1,A,G,19,A,-1.77,2.7,64.9
1EY0A,1EY0,A,I,139,L,-0.09,7.0,20.0
1RX4A,5DFR,A,W,30,Y,-1.79,7.8,15.0
2ABDA,2ABD,A,Y,28,A,-2.74,5.3,5.0
1EY0A,1EY0,A,M,65,G,-4.66,7.0,20.0
2CI2I,2CI2,I,E,26,A,-0.75,6.2,25.0
1VQBA,1VQB,A,A,86,T,-0.35,7.0,25.0
1VQBA,1VQB,A,V,43,T,-0.8,7.0,25.0
1YYJA,1YYJ,A,A,23,G,-2.38,5.0,25.0
2LZMA,2LZM,A,A,146,I,-4.31,7.0,22.0
1EY0A,1EY0,A,L,137,I,-0.76,7.0,20.0
1EL1A,1HMK,A,W,26,F,-2.11,7.5,25.0
1EY0A,1EY0,A,V,111,L,-0.88,7.0,20.0
1LVEA,2IMM,A,N,90,Q,1.05,7.4,20.0
1HMSA,1IFC,A,S,53,C,0.31,8.1,20.0
1IMQA,1IMQ,A,V,71,I,0.07,6.0,10.0
1AARA,1OTR,B,E,34,D,-1.0,5.0,25.0
5CROA,5CRO,A,Y,26,Q,0.7,7.0,45.0
1EY0A,1EY0,A,I,18,L,-0.14,7.0,20.0
1RTBA,1RTB,A,Y,97,F,-3.54,5.0,63.3
1FNFA,1FNA,A,L,8,A,-1.81,5.0,25.0
1CUNA,1AJ3,A,Q,64,G,-1.8,7.0,25.0
1RN1C,1RN1,C,Q,25,K,0.88,7.0,36.8
1A43A,1A43,A,C,218,S,-3.7,7.3,25.0
3SSIA,3SSI,A,M,73,V,-0.35,6.9,53.4
1MGRA,1LNI,A,Y,49,F,-0.2,7.0,25.0
1WQ5A,1TTQ,A,F,22,I,-4.58,7.8,25.0
1IOBA,2NVH,A,C,8,A,-2.02,6.5,25.0
1EL1A,1LZ1,A,V,74,L,0.19,2.7,64.9
1VQBA,1VQB,A,E,40,C,-0.8,7.0,25.0
1BNIA,1BNI,A,S,85,A,0.08,6.3,25.0
1H7MA,1H7M,A,D,44,A,0.05,7.4,25.0
1EY0A,1EY0,A,R,105,G,-2.4,7.0,20.0
1PGAA,1PGA,A,T,53,I,-0.1,5.2,37.1
1EL1A,1HMK,A,L,105,A,-0.28,7.0,25.0
2CI2I,2CI2,I,I,49,V,-0.1,6.3,35.7
1HMSA,1HMS,A,T,40,E,-2.4,8.0,25.0
1ROPA,1ROP,A,D,30,C,0.8,7.0,69.0
1SCEA,1DKT,A,H,65,A,-0.51,7.5,10.0
2CI2I,2CI2,I,R,62,A,-0.8,6.2,25.0
1H7MA,1H7M,A,D,2,A,-0.53,7.4,25.0
1CUNA,1CUN,A,L,203,A,-4.05,7.0,25.0
1C5GA,1QLP,A,A,70,G,1.6,6.5,25.0
1EL1A,1HMK,A,W,60,F,-0.68,7.5,25.0
1CUNA,1AJ3,A,E,25,A,0.1,7.0,25.0
1EY0A,1EY0,A,V,39,I,0.11,7.0,20.0
1P2PA,1G4I,A,H,48,A,-1.93,8.0,30.0
1UZCA,1UZC,A,L,24,A,-1.04,5.7,9.9
1UZCA,1UZC,A,I,44,G,-0.4,5.7,9.9
1UWOA,1IGV,A,F,66,W,-0.93,7.0,25.0
1UWOA,1IGV,A,L,6,V,-1.72,7.0,25.0
1ARRA,1ARR,A,R,23,G,-1.04,7.5,25.0
1SHFA,1SHF,A,G,128,A,-1.78,8.0,25.0
1TENA,1TEN,A,I,860,A,-1.91,5.0,25.0
1EY0A,1EY0,A,Y,85,A,-0.41,7.0,20.0
2CI2I,2CI2,I,K,21,M,-0.7,6.2,25.0
1EY0A,1EY0,A,K,127,F,-0.22,7.0,20.0
1RTBA,1RTB,A,I,107,V,-0.08,5.0,40.0
1MJCA,1C9O,A,E,36,K,-0.45,7.0,75.0
1EL1A,4LYZ,A,I,55,A,-4.4,6.4,74.0
1EY0A,1EY0,A,R,105,A,-1.32,7.0,20.0
1RX4A,5DFR,A,I,155,K,-2.69,7.8,15.0
1MGRA,1LNI,A,D,79,I,2.85,7.0,52.6
1ROPA,1ROP,A,D,30,H,0.9,7.0,69.0
1EY0A,1EY0,A,V,66,I,-0.76,7.0,20.0
1MGRA,1LNI,A,Q,38,A,0.74,6.3,51.9
1RTBA,1RTB,A,A,109,G,-0.43,5.0,40.0
1EY0A,1EY0,A,E,101,G,-2.47,7.0,20.0
1EY0A,1EY0,A,L,37,I,-1.82,7.0,20.0
1HMSA,1HMS,A,F,16,Y,-2.56,8.0,25.0
1SHFA,1SHF,A,E,107,K,-0.97,8.0,25.0
1MJCA,1MJC,A,F,31,L,-0.66,7.0,25.0
1SAKA,1SAK,A,R,337,A,-2.41,7.0,25.0
1BPIA,5PTI,A,G,37,A,-3.01,5.5,23.9
1TENA,1TEN,A,I,830,A,-1.63,5.0,25.0
1EY0A,1EY0,A,K,64,F,-0.09,7.0,20.0
1EL1A,1LZ1,A,V,2,M,-0.31,2.7,64.9
1VQBA,1VQB,A,L,49,T,-2.85,7.0,25.0
1EY0A,1EY0,A,Y,54,L,-3.31,7.0,20.0
1EY0A,1EY0,A,Y,115,L,-0.22,7.0,20.0
1VQBA,1VQB,A,T,48,C,-0.4,7.0,25.0
2LZMA,2LZM,A,Q,123,E,0.27,5.5,61.9
1WQ5A,1WQ5,A,G,211,D,-0.8,7.8,25.0
1YYJA,1YYJ,A,A,37,G,-4.15,5.0,25.0
2CI2I,2CI2,I,K,37,A,-0.18,6.3,35.8
1BPIA,5PTI,A,N,44,G,-4.7,2.0,25.0
1CUNA,1CUN,A,F,157,L,-1.85,7.0,25.0
1MJCA,1C9O,A,E,50,W,0.07,7.0,25.0
2A36A,2A36,A,T,22,A,0.4,6.0,25.0
1RX4A,5DFR,A,L,112,V,-1.39,7.8,15.0
1EY0A,1EY0,A,Y,91,L,-3.83,7.0,20.0
1BPIA,5PTI,A,F,4,L,-2.2,8.7,25.0
1EY0A,1EY0,A,T,41,A,0.07,7.0,20.0
1EY0A,1EY0,A,K,78,C,-0.26,7.0,20.0
1CUNA,1AJ3,A,L,98,A,-3.8,7.0,25.0
1MJCA,1CSP,A,E,66,L,1.6,7.0,47.6
1EY0A,1EY0,A,V,99,I,-0.14,7.0,20.0
1EY0A,1EY0,A,Q,123,A,-0.1,7.0,20.0
1HMSA,1IFC,A,G,65,A,-0.94,7.4,20.0
1EL1A,1LZ1,A,Y,124,F,-0.36,2.7,64.9
1AMQA,1AMQ,A,C,270,A,-1.68,7.5,25.0
1ACBI,1CSE,I,V,18,A,-1.2,7.0,25.0
1EY0A,1EY0,A,L,37,A,-1.51,7.0,20.0
1RN1C,1RN1,C,D,49,H,1.1,6.5,40.7
1SHFA,1SHF,A,T,127,A,-2.59,8.0,25.0
1BNIA,1BNI,A,A,32,Y,-0.75,6.3,25.0
1EY0A,1EY0,A,K,78,E,-0.69,7.0,20.0
1MJCA,1C9O,A,R,3,K,-0.19,7.0,70.0
1EY0A,1EY0,A,G,29,V,-3.11,7.0,20.0
1EY0A,1EY0,A,G,20,A,-0.12,7.0,20.0
1EY0A,1EY0,A,K,16,G,-0.76,7.0,20.0
1EY0A,1EY0,A,S,141,A,-0.27,7.0,31.4
2LZMA,2LZM,A,Q,105,A,-0.68,4.8,59.8
1RG8A,1RG8,A,F,108,Y,0.49,7.3,34.5
1FNFA,1FNA,A,I,70,V,-1.28,5.0,25.0
1FLVA,1FTG,A,D,65,K,-0.1,7.0,34.6
1RISA,1RIS,A,V,88,A,-1.68,8.0,25.0
1EY0A,1EY0,A,G,50,V,-1.0,7.0,20.0
1RTBA,1RTB,A,V,63,A,-2.03,5.0,40.0
2LZMA,2LZM,A,E,128,K,-1.16,3.0,47.0
1BPIA,5PTI,A,G,37,D,-1.7,8.7,25.0
1EY0A,1EY0,A,A,60,G,-1.45,7.0,20.0
2LZMA,2LZM,A,V,149,C,-2.2,3.0,40.0
1E65A,1E65,A,L,50,V,-0.36,7.0,25.0
1BNIA,1BNI,A,L,14,A,-4.51,6.3,29.6
2CI2I,2CI2,I,V,79,A,-1.46,6.3,25.0
1EY0A,1EY0,A,K,28,E,-0.79,7.0,20.0
1BNIA,1BNI,A,G,34,A,-2.91,6.3,25.0
3SSIA,3SSI,A,M,103,G,-3.46,8.0,81.6
1RN1C,1RN1,C,D,76,A,-3.76,7.0,15.0
1MJCA,1C9O,A,E,21,K,-0.31,7.0,75.0
1MBGA,1MBG,A,V,103,I,0.69,7.5,25.0
1EY0A,1EY0,A,Y,27,V,-2.65,7.0,20.0
1VQBA,1VQB,A,M,77,L,-0.6,7.0,25.0
1RISA,1RIS,A,I,26,A,-2.84,8.0,25.0
1BNIA,1BNI,A,A,32,K,-0.15,6.3,25.0
1EY0A,1EY0,A,G,86,A,-0.31,7.0,20.0
1EY0A,1EY0,A,E,75,K,-2.22,7.0,20.0
1FNFA,1FNA,A,Y,68,F,-2.14,5.0,25.0
1EL1A,1LZ1,A,Q,58,G,1.91,3.0,52.3
1EY0A,1EY0,A,Y,27,K,-3.78,7.0,20.0
1AKYA,1AKY,A,T,110,H,-2.13,6.3,25.0
1WQ5A,1WQ5,A,G,234,K,0.2,7.8,25.0
1EY0A,1EY0,A,T,62,S,-2.15,7.0,20.0
1AMQA,1AMQ,A,C,191,F,-0.9,7.5,25.0
1BNIA,1BNI,A,G,34,T,-3.28,6.3,25.0
1RX4A,5DFR,A,N,59,M,-0.14,7.8,15.0
1FNFA,1FNA,A,V,29,A,-1.37,5.0,25.0
1EL1A,1LZ1,A,I,56,T,-4.31,3.0,52.3
1SCEA,1DKT,A,R,70,A,-2.8,7.5,10.0
1EY0A,1EY0,A,E,73,Q,-0.64,7.0,20.0
1BVCA,1BVC,A,H,113,Q,-0.26,7.0,0.0
1EY0A,1EY0,A,Q,131,G,-2.26,7.0,20.0
2LZMA,2LZM,A,T,157,G,-1.1,2.0,42.0
2LZMA,2LZM,A,V,103,A,-1.91,7.0,22.0
1HUEA,1HUU,A,M,69,I,0.0,7.0,63.9
2CI2I,2CI2,I,I,48,V,-0.97,5.7,33.4
1ROPA,1ROP,A,D,30,W,-0.4,7.0,69.0
2CI2I,2CI2,I,S,31,G,-0.49,5.7,25.0
1CLWA,1TYV,A,R,285,K,-3.43,7.4,88.4
1TENA,1TEN,A,Y,858,G,-4.06,5.0,25.0
1A23A,1FVK,A,H,32,L,5.3,7.0,30.0
1BVCA,1BVC,A,I,111,A,-1.8,11.0,76.5
1BVCA,1BVC,A,M,131,A,-2.2,7.8,4.0
1PGAA,1PGA,A,T,53,D,-1.15,5.2,20.0
1EY0A,1EY0,A,G,96,V,-3.74,7.0,20.0
1MJCA,1C9O,A,Q,2,L,0.48,7.0,47.6
1RN1C,1RN1,C,E,58,A,-0.42,7.0,31.5
1EY0A,1EY0,A,Y,27,C,-2.72,7.0,20.0
2LZMA,2LZM,A,S,38,A,-0.77,3.0,53.4
1EL1A,1LZ1,A,E,35,L,-0.53,2.7,64.9
1BNIA,1BNI,A,Y,17,G,-4.02,6.3,25.0
1VQBA,1VQB,A,M,77,V,0.6,7.0,25.0
1RX4A,5DFR,A,V,40,R,-1.38,7.8,15.0
1VQBA,1VQB,A,I,78,C,-2.2,7.0,25.0
1EY0A,1EY0,A,G,88,V,-0.24,6.8,28.9
1BNIA,1BNI,A,A,32,S,-0.28,6.3,25.0
1MJCA,1C9O,A,Q,53,E,-0.03,7.0,47.6
1EY0A,1EY0,A,T,44,C,-0.04,7.0,20.0
1MGRA,1LNI,A,N,39,A,-2.2,7.0,48.4
1HMSA,1HMS,A,F,64,S,-3.82,8.0,37.0
1EL1A,4LYZ,A,C,94,A,-4.78,9.5,20.0
2CI2I,2CI2,I,T,58,A,-0.69,6.3,25.0
1RTBA,1RTB,A,V,116,G,-1.18,5.0,40.0
5CROA,5CRO,A,Q,16,L,1.4,3.0,45.0
1EY0A,1EY0,A,L,7,A,-1.35,7.0,20.0
1EL1A,4LYZ,A,E,35,Q,-0.64,4.6,35.0
1FKJA,1FKJ,A,I,76,A,-3.36,7.5,25.0
1SHFA,1SHF,A,E,107,Q,-0.74,8.0,25.0
1MJCA,1C9O,A,E,46,K,-0.57,7.0,75.0
1OIAA,1OIA,A,Y,86,T,-2.9,7.0,22.0
1C5GA,1QLP,A,K,387,R,1.0,6.5,25.0
1EL1A,1LZ1,A,Y,20,F,-0.5,2.7,64.9
1EY0A,1EY0,A,T,62,I,-1.17,7.0,20.0
1C5GA,1QLP,A,K,331,V,0.89,7.8,25.0
2LZMA,2LZM,A,Y,25,G,-4.55,7.0,22.0
1EY0A,1EY0,A,E,129,A,-2.2,7.0,20.0
1EY0A,1EY0,A,Q,131,F,-0.55,7.0,20.0
1VQBA,1VQB,A,L,32,W,1.4,7.0,25.0
1EY0A,1EY0,A,R,105,C,-2.55,7.0,20.0
1SHFA,1SHF,A,E,107,I,-2.71,8.0,25.0
1IOBA,2NVH,A,T,9,Q,-2.53,6.5,25.0
1EY0A,1EY0,A,M,65,A,-2.06,7.0,20.0
2LZMA,2LZM,A,A,129,V,-0.74,2.5,47.7
1WQ5A,1WQ5,A,E,49,W,-0.02,7.8,25.0
2RN2A,2RN2,A,G,77,A,-0.9,3.0,49.8
1H7MA,1H7M,A,D,48,A,0.36,7.4,25.0
1LVEA,1LVE,A,T,94,H,0.73,7.5,25.0
1RX4A,5DFR,A,E,139,K,-1.59,7.8,15.0
1RX4A,5DFR,A,N,59,L,0.01,7.8,15.0
1BNIA,1BNI,A,R,83,K,-4.43,6.3,25.0
1RX4A,5DFR,A,S,148,N,-0.88,7.8,15.0
1EY0A,1EY0,A,E,57,A,-0.1,7.0,20.0
1BNIA,1BNI,A,K,27,A,0.44,6.3,25.0
1OH0A,1OH0,A,Y,57,S,-4.53,7.0,25.0
1WQ5A,1WQ5,A,E,49,C,1.33,7.8,25.0
1VQBA,1VQB,A,L,37,T,-2.6,7.0,25.0
1LVEA,1LVE,A,K,30,T,-1.33,7.5,25.0
1EY0A,1EY0,A,I,15,M,-0.15,7.0,20.0
1EL1A,4LYZ,A,F,34,Y,0.19,6.4,74.0
3ECAA,3ECA,A,T,12,A,0.0,7.4,25.0
1TENA,1TEN,A,I,833,V,-0.8,5.0,25.0
1AMQA,1AMQ,A,C,401,A,1.06,7.5,25.0
1EY0A,1EY0,A,H,124,A,0.57,7.0,20.0
2RN2A,2RN2,A,S,68,G,-2.17,4.6,34.0
1RN1C,1RN1,C,Y,45,W,0.74,6.0,25.0
1EL1A,4LYZ,A,G,71,A,-0.38,2.7,65.6
1EL1A,1LZ1,A,I,56,V,-1.2,2.7,64.9
1RG8A,1RG8,A,L,73,V,-1.46,6.6,40.0
2ABDA,2ABD,A,Q,33,A,-3.64,5.3,5.0
1P2PA,1P2P,A,H,48,N,-1.69,7.0,20.0
1EY0A,1EY0,A,V,74,I,-1.91,7.0,20.0
1EL1A,1HMK,A,A,30,T,0.48,6.1,24.0
1RN1C,1RN1,C,V,16,A,-2.34,7.0,25.0
1EY0A,1EY0,A,N,68,G,-0.35,7.0,20.0
1EY0A,1EY0,A,I,18,V,-0.96,7.0,20.0
1BNIA,1BNI,A,N,84,A,-1.94,6.3,25.0
1SCEA,1DKT,A,V,55,G,-2.04,7.5,10.0
1AG2A,1AG2,A,T,190,V,0.19,7.0,25.0
5CROA,5CRO,A,Y,26,F,0.2,7.0,45.0
1EY0A,1EY0,A,R,87,G,-2.53,7.0,20.0
2CI2I,2CI2,I,N,75,D,-1.36,6.2,25.0
1HMSA,1HMS,A,F,16,S,-3.98,8.0,37.0
1ZG4A,1ZG4,A,W,290,F,-0.83,7.0,25.0
1C5GA,1QLP,A,T,68,A,1.0,6.5,25.0
1YYJA,1YYJ,A,K,27,A,-0.17,5.0,25.0
1B26A,1B26,A,R,190,A,-0.36,7.0,39.0
2CI2I,2CI2,I,E,26,Q,-0.6,6.2,25.0
1RTBA,1RTB,A,I,106,V,-0.8,5.0,40.0
1BTAA,1BTA,A,E,57,K,-0.7,8.0,25.0
1MJCA,1CSP,A,S,48,E,0.04,7.5,55.0
1EY0A,1EY0,A,K,53,G,-0.08,7.0,20.0
1SHFA,1SHF,A,S,124,R,-0.18,8.0,25.0
1EY0A,1EY0,A,T,44,A,-0.23,7.0,20.0
1EY0A,1EY0,A,K,49,F,0.2,7.0,20.0
1MGRA,1LNI,A,D,79,A,2.48,6.8,49.1
1CUNA,1CUN,A,V,171,A,-1.55,7.0,25.0
1EY0A,1EY0,A,S,128,F,-1.0,7.0,20.0
1SAKA,1SAK,A,M,340,A,-1.9,7.0,25.0
1EY0A,1EY0,A,E,122,A,-0.27,7.0,20.0
1A5EA,1A5E,A,W,15,D,0.19,8.5,20.0
1EL1A,1LZ1,A,I,56,L,-0.1,2.7,64.9
2RN2A,2RN2,A,D,70,E,0.25,6.8,48.1
1EL1A,1HFZ,A,Q,54,A,-0.41,7.4,56.2
1HMSA,1HMS,A,W,8,E,-3.82,8.0,37.0
1UZCA,1UZC,A,V,30,A,-3.28,5.7,9.9
1EY0A,1EY0,A,T,44,V,0.09,7.0,20.0
1VQBA,1VQB,A,I,47,M,-1.0,7.0,25.0
1AARA,1UBQ,A,K,6,Q,0.26,5.0,25.0
1H7MA,1H7M,A,E,50,A,0.57,7.4,25.0
1WQ5A,1WQ5,A,E,49,L,3.67,7.8,25.0
2Q98A,3HHR,A,E,74,T,-1.13,8.0,20.0
1EY0A,1EY0,A,E,52,F,-0.51,7.0,20.0
1MGRA,1LNI,A,Y,80,F,-1.5,7.0,25.0
1BNIA,1BNI,A,L,89,V,-0.3,6.3,25.0
1A5EA,1A5E,A,L,37,S,0.81,8.5,20.0
2LZMA,2LZM,A,I,3,G,-2.03,5.4,59.3
1VQBA,1VQB,A,F,13,T,-0.35,7.0,25.0
1EL1A,1LZ1,A,V,2,I,1.1,2.7,64.9
1FKJA,1FKJ,A,L,97,A,-3.01,7.5,25.0
1MGRA,1LNI,A,T,67,V,0.0,7.0,48.4
1EL1A,1LZ1,A,I,56,A,-3.71,2.7,64.9
1A5EA,1IHB,A,R,55,V,-0.15,7.5,25.0
1APSA,1APS,A,W,64,A,-1.5,5.5,28.0
1EL1A,1HFZ,A,Q,117,A,-0.96,7.4,56.2
1RX4A,5DFR,A,I,155,Y,-2.85,7.8,15.0
1LS4A,1AEP,A,L,14,K,-1.18,7.4,25.0
1RTBA,1RTB,A,F,46,L,-3.21,6.0,24.9
2HPRA,1POH,A,K,49,S,0.95,7.0,25.0
1AARA,1UBQ,A,F,45,W,0.46,5.0,25.0
1FKJA,1FKJ,A,E,60,A,-1.71,7.5,25.0
1RN1C,1RN1,C,V,78,T,-3.59,7.0,25.0
1CEYA,1CEY,A,A,114,G,-0.5,8.0,25.0
1H7MA,1H7M,A,E,64,A,-0.26,7.4,25.0
1AMQA,1AMQ,A,C,191,S,-1.44,7.5,25.0
1E65A,1E65,A,H,117,G,-2.18,7.0,20.0
1ONCA,1ONC,A,M,23,L,-2.76,7.0,0.4
2LZMA,2LZM,A,S,90,H,-1.09,5.5,59.0
1EL1A,4LYZ,A,F,3,Y,-0.45,6.4,74.0
1RX4A,5DFR,A,G,67,T,-0.62,7.0,15.0
1MJCA,1C9O,A,Y,15,F,-0.05,7.0,47.6
1CEYA,1CEY,A,D,57,A,3.3,7.0,25.0
1EY0A,1EY0,A,K,24,G,-1.6,7.0,20.0
1EL1A,1HFZ,A,H,32,Y,0.07,7.4,56.2
2ABDA,2ABD,A,F,26,A,-1.79,5.3,5.0
1EY0A,1EY0,A,K,9,F,-1.03,7.0,20.0
1EY0A,1EY0,A,E,73,A,-1.46,7.0,20.0
1AARA,1OTR,B,E,34,L,0.96,5.0,25.0
1SAKA,1SAK,A,E,346,A,-0.27,7.0,25.0
1EY0A,1EY0,A,A,69,V,-2.8,7.0,20.0
1UZCA,1UZC,A,Y,65,F,-0.72,5.7,9.9
1BNIA,1BNI,A,S,57,A,0.15,6.3,25.0
1EL1A,1HMK,A,V,27,A,-1.24,7.0,25.0
1C5GA,1QLP,A,F,51,C,3.01,6.5,23.0
1RX4A,5DFR,A,R,44,A,-0.94,7.8,15.0
2CI2I,2CI2,I,T,55,S,-0.5,6.2,25.0
1BNIA,1BNI,A,T,6,G,-1.09,6.3,25.0
1BNIA,1BNI,A,Q,104,A,-0.13,6.3,25.0
1HK0X,1HK0,X,R,79,A,-2.3,7.0,37.0
1EL1A,1LZ1,A,G,22,A,-1.79,2.7,64.9
1MGRA,1LNI,A,T,72,V,-0.2,7.0,48.4
1CEYA,1CEY,A,A,80,G,0.43,8.0,25.0
1IOBA,2NVH,A,K,97,G,-1.65,6.5,25.0
2RN2A,2RN2,A,A,52,D,-1.9,3.2,53.0
1EY0A,1EY0,A,K,71,A,-0.55,7.0,20.0
1CUNA,1AJ3,A,Q,64,A,-0.7,7.0,25.0
1EY0A,1EY0,A,V,111,S,-4.71,7.0,20.0
1WQ5A,1WQ5,A,C,118,V,-1.34,9.0,50.0
1LVEA,1LVE,A,Y,96,Q,-2.09,7.5,25.0
1H7MA,1H7M,A,R,92,A,-0.31,7.4,25.0
1SCEA,1DKT,A,L,67,A,-1.98,7.5,10.0
1EL1A,1LZ1,A,G,16,A,-1.39,2.7,64.9
1MGRA,1LNI,A,R,65,A,-1.13,6.3,51.9
1BNIA,1BNI,A,H,18,G,-0.65,6.6,25.0
1RN1C,1RN1,C,V,78,A,-4.08,7.0,25.0
1MJCA,1CSP,A,E,3,K,2.75,7.0,70.0
1AKYA,1AKY,A,Q,48,E,-0.96,7.7,25.0
1C5GA,1QLP,A,Y,160,W,1.18,7.8,25.0
1EY0A,1EY0,A,L,36,I,-3.09,7.0,20.0
1EY0A,1EY0,A,K,48,G,0.24,7.0,20.0
1MGRA,1LNI,A,Y,86,F,-0.3,7.0,25.0
1MGRA,1LNI,A,V,36,T,-1.3,7.0,48.4
2LZMA,2LZM,A,T,157,A,-0.9,2.5,46.3
1CUNA,1CUN,A,K,152,G,-1.45,7.0,25.0
1IMQA,1IMQ,A,V,19,L,-1.82,6.0,10.0
1CUNA,1AJ3,A,N,44,G,-0.4,7.0,25.0
1UZCA,1UZC,A,E,27,G,-1.57,5.7,9.9
1RX4A,5DFR,A,G,121,V,-0.99,7.0,15.0
1TPKA,1TPK,A,V,65,M,-2.2,4.5,64.3
2RN2A,2RN2,A,D,134,V,0.83,4.6,52.0
1RISA,1RIS,A,A,35,G,-0.77,8.0,25.0
1EL1A,4LYZ,A,D,101,Q,-0.08,6.4,74.0
1H7MA,1H7M,A,E,62,A,-1.29,7.4,25.0
2CI2I,2CI2,I,V,53,T,-1.31,6.3,35.7
1IETA,1IET,A,D,60,R,0.14,7.2,25.0
1RN1C,1RN1,C,G,23,A,-1.2,7.4,25.0
1RISA,1RIS,A,V,85,A,-3.02,8.0,25.0
1BVCA,1BVC,A,I,142,V,-0.1,11.0,76.5
2ABDA,2ABD,A,V,77,A,-1.57,5.3,5.0
1ROPA,1ROP,A,D,30,E,1.0,7.0,69.0
1BNIA,1BNI,A,Q,31,S,0.0,6.3,25.0
1VQBA,1VQB,A,F,68,L,-2.12,7.0,25.0
3SSIA,3SSI,A,M,103,I,-1.01,6.9,75.5
1EY0A,1EY0,A,K,24,A,-0.34,7.0,20.0
1SHFA,1SHF,A,V,138,G,-3.65,7.0,25.0
1BNIA,1BNI,A,D,44,E,-0.11,6.3,25.0
1SHFA,1SHF,A,S,124,Y,-2.27,8.0,25.0
1TENA,1TEN,A,I,821,A,-3.58,5.0,25.0
1MJCA,1MJC,A,F,18,L,-1.0,7.0,25.0
1EL1A,1HFZ,A,L,110,H,1.39,7.4,56.2
1AARA,1UBQ,A,R,72,Q,-0.33,5.0,25.0
1C5GA,1QLP,A,A,183,F,1.5,6.5,25.0
1AONU,1AON,U,I,3,W,-0.25,7.8,25.0
2CI2I,2CI2,I,T,55,V,-1.16,6.2,25.0
2CI2I,2CI2,I,K,72,N,-0.61,6.2,25.0
1VQBA,1VQB,A,E,30,N,-0.55,7.0,25.0
2CI2I,2CI2,I,I,49,G,-3.23,6.3,25.0
2LZMA,2LZM,A,I,3,V,-0.45,5.4,59.3
1WQ5A,1WQ5,A,Y,175,C,-0.6,7.8,25.0
1EY0A,1EY0,A,E,67,F,-1.33,7.0,20.0
1BVCA,1BVC,A,H,82,Q,-0.05,7.0,0.0
2LZMA,2LZM,A,I,3,A,-0.79,5.4,59.3
1VQBA,1VQB,A,T,48,V,0.0,7.0,25.0
2TRXA,2TRX,A,D,26,I,3.37,7.0,25.0
1C5GA,1QLP,A,M,374,I,2.3,6.5,25.0
1EY0A,1EY0,A,A,60,V,-2.68,7.0,20.0
1AMQA,1AMQ,A,C,191,R,-1.69,7.5,25.0
1RISA,1RIS,A,E,22,Q,-1.12,8.0,25.0
2CI2I,2CI2,I,L,51,I,-0.63,6.2,25.0
2CI2I,2CI2,I,T,22,G,-1.07,6.3,25.0
1WQ5A,1WQ5,A,E,49,Q,-0.58,7.3,25.1
1EY0A,1EY0,A,L,25,V,-1.85,7.0,20.0
1N0JA,1N0J,A,Y,34,F,4.75,7.8,88.9
1BNIA,1BNI,A,T,6,Q,-1.87,6.3,25.0
1FKJA,1FKJ,A,T,27,S,-1.07,7.5,25.0
2RN2A,2RN2,A,D,70,N,0.89,6.8,48.1
1RX4A,5DFR,A,N,59,H,-0.81,7.8,15.0
2HPRA,1POH,A,K,49,Q,1.39,7.0,25.0
1EY0A,1EY0,A,S,59,G,-1.03,7.0,20.0
1UZCA,1UZC,A,Q,19,G,-1.23,5.7,9.9
1ZNJB,1ZNJ,B,Y,26,T,-0.22,8.0,25.0
1EY0A,1EY0,A,K,16,F,-0.38,7.0,20.0
1EY0A,1EY0,A,V,39,L,-0.9,7.0,20.0
2RN2A,2RN2,A,E,119,V,0.51,4.6,51.8
1CUNA,1AJ3,A,L,88,A,-2.8,7.0,25.0
1SUPA,1SUP,A,Q,206,C,1.25,8.0,58.8
1PGAA,1PGA,A,I,6,N,-1.73,5.2,44.0
1BNIA,1BNI,A,G,34,D,-3.3,6.3,25.0
1EY0A,1EY0,A,T,120,V,-1.63,7.0,20.0
1C5GA,1QLP,A,Y,160,A,-0.21,7.8,25.0
1MJCA,1CSP,A,E,3,L,1.59,7.0,70.0
1PGAA,1PGA,A,T,53,F,0.55,5.2,37.1
1RISA,1RIS,A,V,6,A,-2.93,8.0,25.0
1A5EA,1IHB,A,F,71,N,0.46,7.5,25.0
1IO2A,1IO2,A,D,105,A,1.72,9.0,50.0
1IMQA,1IMQ,A,E,41,V,0.89,6.0,10.0
1CEYA,1CEY,A,A,48,G,0.06,8.0,25.0
1EY0A,1EY0,A,A,109,V,-2.82,7.0,20.0
1RX4A,5DFR,A,G,121,C,-0.22,7.0,15.0
1FNFA,1FNA,A,I,34,A,-4.86,5.0,25.0
1FLVA,1FTG,A,E,61,K,0.51,7.0,34.6
1FNFA,1FNA,A,Y,92,A,-1.11,5.0,25.0
1EY0A,1EY0,A,S,128,G,-1.52,7.0,20.0
3GLYA,3GLY,A,G,383,A,0.11,4.5,30.0
1CUNA,1CUN,A,I,128,A,-1.65,7.0,25.0
1EY0A,1EY0,A,Y,27,L,-1.55,7.0,20.0
1WQ5A,1WQ5,A,G,234,D,3.4,7.8,25.0
1BNIA,1BNI,A,Y,17,F,-0.44,6.3,25.0
2LZMA,2LZM,A,S,44,A,0.44,2.5,47.8
2LZMA,2LZM,A,Q,105,G,-2.3,5.9,41.7
1EL1A,4LYZ,A,S,91,A,-0.15,6.4,74.0
1AKYA,1ANK,A,F,86,L,-0.8,7.2,51.8
1UZCA,1UZC,A,V,67,G,0.0,5.7,9.9
1HMSA,1IFC,A,V,60,N,-0.83,7.0,25.0
1UZCA,1UZC,A,S,50,A,-0.02,5.7,9.9
1OIAA,1OIA,A,Y,13,F,-0.7,7.0,22.0
2ABDA,2ABD,A,L,15,A,-3.28,5.3,5.0
1APSA,1APS,A,Y,11,F,1.04,5.5,28.0
1FKJA,1FKJ,A,I,56,T,-1.95,7.5,25.0
2LZMA,2LZM,A,N,144,E,0.46,5.5,61.9
1EY0A,1EY0,A,I,139,M,-0.39,7.0,20.0
2RN2A,2RN2,A,H,114,A,-1.87,5.5,25.0
2RN2A,2RN2,A,V,74,L,0.97,4.6,51.6
1VQBA,1VQB,A,C,33,T,-2.3,7.0,25.0
1ROPA,1ROP,A,L,41,A,-3.06,6.0,25.0
1RG8A,1RG8,A,H,93,G,1.34,6.6,28.6
1FLVA,1FTG,A,E,20,K,1.16,7.0,37.8
1UZCA,1UZC,A,E,15,G,-1.02,5.7,9.9
1EY0A,1EY0,A,L,25,I,-1.83,7.0,20.0
1P2PA,1G4I,A,H,48,N,-2.44,8.0,30.0
2AC0A,2OCJ,A,R,249,S,-1.81,7.2,10.0
1EY0A,1EY0,A,D,19,A,-0.09,7.0,20.0
1BNIA,1BNI,A,V,36,A,-1.4,6.3,25.0
1PDOA,1PDO,A,W,12,F,1.79,7.4,22.0
1FLVA,1FTG,A,E,40,K,1.61,7.0,37.8
1ROPA,1ROP,A,D,30,T,-0.4,7.0,69.0
1WQ5A,1WQ5,A,E,49,A,0.41,7.8,25.0
1PGAA,1PGA,A,I,6,L,-1.39,5.4,25.0
1RX4A,5DFR,A,V,75,S,-0.8,7.8,15.0
1YYJA,1YYJ,A,I,17,A,-1.3,5.0,25.0
1BTAA,1BTA,A,K,60,L,0.55,8.0,25.0
1BVCA,1BVC,A,I,28,M,-0.6,11.0,76.5
1AONU,1AON,U,I,3,C,-0.44,7.8,25.0
1SAKA,1SAK,A,R,342,A,-0.38,7.0,25.0
1RX4A,5DFR,A,I,94,V,-0.67,7.8,15.0
1EY0A,1EY0,A,Y,27,H,-1.86,7.0,20.0
1EL1A,4LYZ,A,I,55,M,-2.27,6.4,74.0
1MGRA,1LNI,A,D,79,R,2.7,7.0,52.6
1FKJA,1FKJ,A,I,91,V,-0.1,7.5,25.0
2CI2I,2CI2,I,V,53,G,-2.26,6.3,25.0
1RN1C,1RN1,C,V,89,T,-3.07,7.0,25.0
1AZPA,1AZP,A,V,30,I,0.7,7.0,50.0
1BNIA,1BNI,A,S,91,A,-1.84,5.7,25.0
1RX4A,5DFR,A,W,30,A,-2.03,7.8,15.0
1EL1A,1HFZ,A,V,42,N,-0.24,7.4,56.2
1SHGA,1SHG,A,K,59,F,-0.92,7.0,24.9
1FKJA,1FKJ,A,V,24,A,-3.04,7.5,25.0
1HK0X,1HK0,X,M,43,A,-0.7,7.0,37.0
1EY0A,1EY0,A,A,132,V,-4.73,7.0,20.0
1EY0A,1EY0,A,T,44,I,-0.56,7.0,20.0
1BOYA,1BOY,A,R,200,W,0.6,7.5,23.0
2LZMA,2LZM,A,A,98,T,-3.83,7.0,22.0
1CUNA,1CUN,A,F,117,L,-2.55,7.0,25.0
1BNIA,1BNI,A,Y,13,A,-3.49,6.3,25.0
1C5GA,1QLP,A,S,381,A,1.0,6.5,25.0
1FLVA,1FTG,A,I,22,A,-1.7,7.0,44.2
1SHFA,1SHF,A,S,124,V,-1.1,8.0,25.0
2HPRA,2HPR,A,S,46,D,0.72,7.0,54.2
2ABDA,2ABD,A,V,12,A,-1.54,5.3,5.0
1EY0A,1EY0,A,N,100,G,-4.98,7.0,20.0
1RN1C,1RN1,C,A,21,G,-1.1,7.4,25.0
1RN1C,1RN1,C,V,78,S,-4.73,7.0,25.0
1QGVA,1QGV,A,G,126,D,-0.93,7.8,20.0
1RHGA,1RHG,A,G,73,A,0.89,7.0,25.0
1CUNA,1AJ3,A,L,45,A,-0.2,7.0,25.0
1EY0A,1EY0,A,K,133,Q,-0.44,7.0,20.0
1UZCA,1UZC,A,K,26,G,-0.74,5.7,9.9
1RG8A,1RG8,A,H,21,Y,0.79,7.3,34.5
1FLVA,1FTG,A,I,22,V,-1.66,7.0,25.0
1BNIA,1BNI,A,Y,17,S,-2.28,6.3,25.0
1VQBA,1VQB,A,V,63,C,-2.05,7.0,25.0
1MGRA,1LNI,A,D,79,F,2.73,6.8,49.1
1AMQA,1AMQ,A,C,191,G,-0.02,7.5,25.0
1APSA,1APS,A,W,38,F,-0.02,5.5,28.0
1EY0A,1EY0,A,L,14,V,-1.63,7.0,20.0
1CUNA,1AJ3,A,S,21,G,-0.5,7.0,25.0
2CI2I,2CI2,I,K,43,A,-0.82,5.9,39.8
1EY0A,1EY0,A,V,104,L,-0.76,7.0,20.0
1ROPA,1ROP,A,D,30,G,2.0,7.0,69.0
1RX4A,5DFR,A,G,67,L,-0.51,7.0,15.0
2RN2A,2RN2,A,D,134,S,0.79,4.6,52.0
1BNIA,1BNI,A,H,18,Q,-1.52,6.3,25.0
1HUEA,1HUU,A,A,56,S,-0.13,7.0,63.9
2DRIA,2DRI,A,V,50,E,-3.5,7.7,25.0
1N0JA,1N0J,A,Q,143,N,1.04,7.8,88.9
2LZMA,2LZM,A,T,157,S,-0.66,2.0,42.0
1BTAA,1BTA,A,C,40,A,0.1,7.0,25.0
1EY0A,1EY0,A,Q,131,A,-0.1,7.0,20.0
1BNIA,1BNI,A,G,34,N,-2.72,6.3,25.0
2LZMA,2LZM,A,G,30,F,-1.5,5.4,66.5
1EL1A,1HMK,A,I,95,V,-1.72,7.0,25.0
1CUNA,1AJ3,A,V,30,A,-0.2,7.0,25.0
1EL1A,4LYZ,A,D,101,N,0.04,6.4,74.0
1VQBA,1VQB,A,I,47,F,-0.85,7.0,25.0
1EL1A,1LZ1,A,I,23,V,-0.36,2.7,64.9
1UZCA,1UZC,A,W,36,F,0.3,5.7,9.9
1RTBA,1RTB,A,S,123,A,0.69,7.1,62.0
1H7MA,1H7M,A,K,9,A,-0.29,7.4,25.0
1IOBA,2NVH,A,N,7,D,0.09,6.5,25.0
2CI2I,2CI2,I,V,70,A,-1.74,5.7,33.7
1CHKA,1CHK,A,W,227,F,-2.51,7.0,43.2
1EL1A,1LZ1,A,R,21,A,1.32,2.7,64.9
1MJCA,1C9O,A,R,56,E,0.69,7.0,75.0
1MJCA,1CSP,A,D,25,Q,-0.79,7.5,55.0
1CUNA,1AJ3,A,H,10,A,0.5,7.0,25.0
1BNIA,1BNI,A,A,32,M,-0.19,6.3,25.0
1FLVA,1FTG,A,S,110,A,-0.73,7.0,34.6
1EY0A,1EY0,A,Y,27,N,-3.83,7.0,20.0
1P2PA,1G4I,A,F,22,Y,0.83,8.0,30.0
1EY0A,1EY0,A,L,38,V,-0.14,7.0,20.0
2CI2I,2CI2,I,V,38,A,-0.31,5.8,31.2
1A43A,1A43,A,W,184,A,-0.7,7.3,25.0
1EY0A,1EY0,A,T,62,V,0.1,7.0,20.0
1EL1A,1LZ1,A,I,89,V,-0.48,2.7,64.9
1SCEA,1DKT,A,F,17,L,-2.58,7.5,10.0
1VQBA,1VQB,A,M,77,F,-0.1,7.0,25.0
1EL1A,1LZ1,A,A,96,M,0.02,2.7,64.9
1RX4A,5DFR,A,I,61,L,-0.36,7.8,15.0
2LZMA,2LZM,A,S,38,D,-0.01,5.7,50.1
2CI2I,2CI2,I,K,43,G,-3.34,6.2,25.0
1VQBA,1VQB,A,H,64,C,0.25,7.0,25.0
1MJCA,1CSP,A,A,46,K,1.41,7.0,70.0
1EY0A,1EY0,A,F,61,G,-4.76,7.0,20.0
1BNIA,1BNI,A,T,26,E,-0.05,6.3,25.0
2CI2I,2CI2,I,V,57,A,-1.07,6.2,25.0
1APSA,1APS,A,L,89,A,-1.67,5.5,28.0
1CUNA,1AJ3,A,A,54,G,-1.1,7.0,25.0
1SHFA,1SHF,A,I,111,V,-0.63,7.0,25.0
1MGRA,1MGR,A,Y,54,F,-2.6,7.0,25.0
1IOBA,2NVH,A,K,97,V,1.15,6.5,25.0
1SHFA,1SHF,A,E,107,L,-3.02,8.0,25.0
2LZMA,2LZM,A,F,153,C,-3.11,7.0,22.0
1BPIA,5PTI,A,Y,21,A,-3.9,2.0,20.0
1RN1C,1RN1,C,D,76,N,-3.39,7.0,17.2
1SAKA,1SAK,A,F,338,A,-2.03,7.0,25.0
1EL1A,1HMK,A,A,30,I,1.47,6.1,24.0
1RX4A,5DFR,A,L,112,I,-0.25,7.8,15.0
2LZMA,2LZM,A,A,146,V,-4.31,7.0,22.0
1EL1A,1LZ1,A,V,99,A,-0.98,2.7,64.9
1RG8A,1RG8,A,C,16,S,-2.81,6.6,25.0
1HMSA,1IFC,A,A,104,C,1.32,8.1,20.0
1BVCA,1BVC,A,I,111,M,-1.1,11.0,76.5
1C5GA,1QLP,A,A,183,I,1.8,6.5,25.0
1RX4A,5DFR,A,N,59,V,0.36,7.8,15.0
1TITA,1TIT,A,F,73,L,-3.83,7.4,25.0
1EY0A,1EY0,A,G,50,F,-0.55,7.0,20.0
1TENA,1TEN,A,I,821,V,-0.28,5.0,25.0
1MGRA,1MGR,A,Y,84,F,-1.0,7.0,25.0
1EY0A,1EY0,A,Y,54,A,-1.97,7.0,20.0
1EY0A,1EY0,A,G,86,F,-1.99,7.0,20.0
1VQBA,1VQB,A,D,36,N,-0.5,7.0,25.0
1VQBA,1VQB,A,C,33,S,-2.12,7.0,25.0
1ROPA,1ROP,A,D,30,S,1.0,7.0,69.0
1EY0A,1EY0,A,K,127,G,-0.79,7.0,20.0
1EL1A,4LYZ,A,N,77,H,-0.38,6.4,74.0
1YYJA,1YYJ,A,L,30,A,-2.83,5.0,25.0
2RN2A,2RN2,A,D,134,L,1.38,4.6,52.0
1EY0A,1EY0,A,K,116,G,1.05,7.0,20.0
1RHGA,1RHG,A,G,81,A,-0.76,7.0,25.0
1EY0A,1EY0,A,I,18,M,-0.68,6.7,23.6
1P2PA,1G4I,A,F,22,A,0.25,8.0,30.0
1VQBA,1VQB,A,M,77,I,0.8,7.0,25.0
1HTIA,1HTI,A,Q,179,D,0.75,8.0,25.0
1RISA,1RIS,A,I,52,A,-0.36,8.0,25.0
1E65A,1E65,A,I,81,A,-2.39,7.0,25.0
1SAKA,1SAK,A,N,345,A,-0.98,7.0,25.0
1WQ5A,1WQ5,A,C,81,G,-1.58,9.0,50.0
1LBIA,1LBI,A,K,84,L,-0.2,7.4,25.0
1UZCA,1UZC,A,S,35,A,-1.04,5.7,9.9
1RX4A,5DFR,A,V,40,N,-1.82,7.8,15.0
1EY0A,1EY0,A,Y,91,F,-2.27,7.0,20.0
1EY0A,1EY0,A,K,97,F,-0.58,7.0,20.0
1EL1A,1LZ1,A,G,37,A,-0.29,2.7,64.9
1FLVA,1FTG,A,I,51,V,-1.75,7.0,34.6
1P2PA,1G4I,A,F,106,Y,0.07,8.0,30.0
1EY0A,1EY0,A,A,17,V,-1.94,7.0,20.0
1MGRA,1LNI,A,N,39,S,-2.3,7.0,48.4
2LZMA,2LZM,A,V,131,D,0.08,3.0,53.1
2RN2A,2RN2,A,S,68,L,-0.82,4.6,34.0
1BNIA,1BNI,A,D,8,S,-0.84,6.3,25.0
1MJCA,1C9O,A,R,3,E,-1.46,7.0,47.6
1B26A,1B26,A,K,193,A,0.38,7.0,39.0
1RX4A,5DFR,A,I,155,L,-1.63,7.8,15.0
1EY0A,1EY0,A,S,59,F,0.56,7.0,20.0
1EL1A,1LZ1,A,D,102,N,-0.15,3.5,65.0
1EL1A,1LZ1,A,V,110,R,0.89,2.7,64.9
1WQ5A,1TTQ,A,I,232,V,-3.3,7.8,25.0
1MGRA,1LNI,A,D,79,K,2.35,7.0,52.6
1RTBA,1RTB,A,V,54,G,-4.87,5.0,40.0
1BNIA,1BNI,A,T,105,V,-2.21,6.3,25.0
1EY0A,1EY0,A,G,29,F,-1.46,7.0,20.0
1RG8A,1RG8,A,V,109,L,-0.57,6.6,40.0
2RN2A,2RN2,A,H,124,A,0.17,6.4,25.0
1H7MA,1H7M,A,K,28,A,-1.2,7.4,25.0
1WQ5A,1WQ5,A,G,211,S,-0.15,7.8,25.0
1EY0A,1EY0,A,R,35,A,-1.38,7.0,20.0
1RN1C,1RN1,C,V,16,S,-4.68,7.0,25.0
1EL1A,1LZ1,A,R,50,G,0.32,3.0,52.3
1EY0A,1EY0,A,E,75,G,-3.43,7.0,20.0
1BPIA,5PTI,A,F,33,I,-2.4,8.7,25.0
1CUNA,1AJ3,A,K,96,G,-1.3,7.0,25.0
1UZCA,1UZC,A,K,58,A,-2.1,5.7,9.9
1CEYA,1CEY,A,A,90,G,0.35,8.0,25.0
1VQBA,1VQB,A,V,70,T,-1.75,7.0,25.0
1CUNA,1AJ3,A,K,47,G,-0.5,7.0,25.0
1VQBA,1VQB,A,I,47,T,-3.7,7.0,25.0
1EY0A,1EY0,A,V,111,G,-4.82,7.0,20.0
2LZMA,2LZM,A,W,138,Y,-2.62,6.0,26.4
1E65A,1E65,A,I,7,S,-3.44,7.3,26.5
1EL1A,4LYZ,A,D,101,G,0.45,6.4,74.0
1LVEA,1LVE,A,M,4,L,1.04,7.5,25.0
1MJCA,1CSP,A,F,15,A,-2.07,7.0,43.3
1RG8A,1RG8,A,C,83,S,-1.78,6.6,29.6
1YYJA,1YYJ,A,Y,101,A,0.52,5.0,25.0
1WQ5A,1WQ5,A,L,99,A,-4.07,7.8,25.0
2LZMA,2LZM,A,R,96,H,-2.91,5.6,63.6
1EY0A,1EY0,A,V,66,G,-4.49,7.0,20.0
1EY0A,1EY0,A,N,138,A,-0.97,7.0,20.0
1ROPA,1ROP,A,D,30,F,-0.1,7.0,69.0
1EY0A,1EY0,A,A,90,S,-2.24,6.7,30.3
1EY0A,1EY0,A,M,65,L,-0.73,7.0,20.0
1ARRA,1ARR,A,K,47,G,-0.57,7.5,25.0
1EL1A,1LZ1,A,V,93,A,-0.74,2.7,64.9
2ABDA,2ABD,A,T,35,A,-1.47,5.3,5.0
1UZCA,1UZC,A,Q,19,A,-0.08,5.7,9.9
1EY0A,1EY0,A,L,7,I,-0.77,7.0,20.0
1BVCA,1BVC,A,H,64,Q,-0.45,7.0,0.0
2CI2I,2CI2,I,E,60,A,-0.89,6.3,25.0
1TENA,1TEN,A,Y,837,A,-3.96,5.0,25.0
1SHFA,1SHF,A,S,124,I,-1.41,8.0,25.0
1IMQA,1IMQ,A,V,37,L,-0.26,6.0,10.0
1EY0A,1EY0,A,K,116,F,0.21,7.0,20.0
1CUNA,1AJ3,A,I,23,A,-3.6,7.0,25.0
1RX4A,5DFR,A,I,91,V,-1.34,7.8,15.0
1BNIA,1BNI,A,H,18,K,-1.05,6.3,25.0
1EY0A,1EY0,A,A,94,G,-2.54,7.0,20.0
1EL1A,4LYZ,A,D,101,F,0.72,6.4,74.0
1APSA,1APS,A,A,30,G,-1.65,5.5,28.0
1EY0A,1EY0,A,L,14,G,-3.84,7.0,20.0
2LZMA,2LZM,A,T,115,E,0.03,5.0,60.8
1CUNA,1AJ3,A,L,56,A,-3.8,7.0,25.0
1YYJA,1YYJ,A,K,51,G,-1.32,5.0,25.0
1BNIA,1BNI,A,H,102,A,-0.24,6.3,25.0
1EL1A,4LYZ,A,R,21,Q,-0.15,6.4,74.0
1UZCA,1UZC,A,D,46,N,-2.51,5.7,9.9
2LZMA,2LZM,A,N,132,I,1.2,5.4,66.5
1WQ5A,1WQ5,A,L,50,A,-2.99,7.8,25.0
1EY0A,1EY0,A,V,66,S,-3.09,7.0,20.0
1RHGA,1RHG,A,E,33,A,0.31,5.9,25.0
1AARA,1UBQ,A,H,68,E,0.77,5.0,25.0
1EY0A,1EY0,A,I,92,M,-1.75,7.0,20.0
1EL1A,1LZ1,A,K,1,A,-0.6,2.7,64.9
1SAKA,1SAK,A,L,344,I,-0.41,7.0,25.0
1BNIA,1BNI,A,H,18,R,-1.09,6.3,25.0
1EL1A,1HFZ,A,W,104,Y,-2.44,7.4,56.2
1CUNA,1CUN,A,Q,115,G,-1.15,7.0,25.0
1CUNA,1AJ3,A,Q,86,G,-1.3,7.0,25.0
2RN2A,2RN2,A,A,52,Y,-2.3,3.2,53.0
1HMSA,1IFC,A,F,93,A,-2.37,7.0,25.0
1EL1A,4LYZ,A,M,12,L,-0.57,2.7,66.0
1EY0A,1EY0,A,V,23,F,-1.93,6.2,29.2
1EL1A,1LZ1,A,D,49,N,-0.65,3.4,65.0
1FKJA,1FKJ,A,I,56,A,-2.04,7.5,25.0
1RG8A,1RG8,A,V,109,I,-0.05,7.3,34.5
1MJCA,1CSP,A,F,27,A,-0.84,7.0,43.3
1YYJA,1YYJ,A,E,18,A,1.3,5.0,25.0
2CI2I,2CI2,I,K,21,A,-0.79,6.2,25.0
1EL1A,4LYZ,A,G,49,N,-0.96,9.5,20.0
1SAKA,1SAK,A,L,350,A,-0.5,7.0,25.0
1H7MA,1H7M,A,D,87,A,-1.36,7.4,25.0
1SAKA,1SAK,A,I,332,V,-0.99,7.0,25.0
1WQ5A,1WQ5,A,C,154,S,-1.72,9.0,50.0
1SCEA,1DKT,A,S,39,A,-0.6,7.5,10.0
1HMSA,1IFC,A,L,64,A,-1.68,7.4,20.0
1EL1A,1HMK,A,V,8,A,-0.83,7.0,25.0
2RN2A,2RN2,A,K,95,A,0.1,4.6,49.8
1EY0A,1EY0,A,A,102,G,-1.37,7.0,20.0
1PGAA,1PGA,A,T,53,E,-0.4,5.2,20.0
1LVEA,1LVE,A,Q,89,N,-1.26,7.5,25.0
1EL1A,1LZ1,A,A,9,S,-0.02,2.7,64.9
1FKJA,1FKJ,A,I,91,A,-1.33,7.5,25.0
1APSA,1APS,A,E,83,D,-1.51,5.5,28.0
1RX4A,5DFR,A,G,43,A,-0.48,7.8,15.0
1BPIA,5PTI,A,A,16,V,-1.3,8.7,25.0
1CUNA,1AJ3,A,R,51,G,-0.6,7.0,25.0
2LZMA,2LZM,A,V,131,S,-0.05,3.0,53.1
1EY0A,1EY0,A,G,79,D,-2.28,7.0,20.0
1UWOA,1IGV,A,E,17,Q,0.33,7.1,25.0
1ARRA,1ARR,A,K,46,G,-0.73,7.5,25.0
1E65A,1E65,A,V,5,A,0.0,7.0,25.0
1EY0A,1EY0,A,Y,27,I,-2.28,7.0,20.0
1CEYA,1CEY,A,D,12,A,2.5,7.0,25.0
1RX4A,5DFR,A,N,59,T,-0.05,7.8,15.0
1C5GA,1QLP,A,V,55,L,-0.3,6.5,25.0
3PGKA,3PGK,A,W,308,F,-2.46,7.5,25.0
1RTBA,1RTB,A,D,121,A,-1.95,5.2,25.0
1EY0A,1EY0,A,T,22,S,-0.74,7.0,20.0
1EY0A,1EY0,A,T,41,V,0.9,7.0,20.0
2RN2A,2RN2,A,D,10,S,1.95,6.8,48.1
1CUNA,1AJ3,A,R,51,A,0.3,7.0,25.0
1SCEA,1DKT,A,R,71,A,-0.59,7.5,10.0
2CI2I,2CI2,I,T,55,A,-0.59,6.2,25.0
1EY0A,1EY0,A,L,89,I,-1.04,7.0,20.0
1EY0A,1EY0,A,V,74,L,-1.12,7.0,20.0
1VQBA,1VQB,A,E,30,M,0.32,7.0,25.0
1HMSA,1HMS,A,F,57,S,-2.43,8.0,25.0
1HMSA,1HMS,A,L,66,G,-3.67,8.0,37.0
3SSIA,3SSI,A,V,13,I,-0.44,8.0,82.2
1FKJA,1FKJ,A,F,36,A,-3.07,7.5,25.0
1C5GA,1QLP,A,V,173,L,-0.6,6.5,25.0
1RG8A,1RG8,A,H,102,Y,0.39,7.3,34.5
1EY0A,1EY0,A,K,70,A,-0.16,7.0,20.0
1EY0A,1EY0,A,E,43,G,0.59,7.0,20.0
1ARRA,1ARR,A,R,16,G,-0.64,7.5,25.0
1YU5X,1YU5,X,H,41,Y,1.11,5.6,25.0
1EY0A,1EY0,A,F,76,A,-4.1,7.0,20.0
1BNIA,1BNI,A,D,12,A,-0.09,6.3,25.0
1UZCA,1UZC,A,S,56,G,-0.54,5.7,9.9
2RN2A,2RN2,A,A,52,T,-0.8,3.2,53.0
1EL1A,4LYZ,A,I,98,M,-0.9,5.5,35.0
1C5GA,1QLP,A,S,330,R,-2.44,7.8,25.0
2ABDA,2ABD,A,I,39,A,-1.05,5.3,5.0
1EY0A,1EY0,A,K,97,E,-0.47,7.0,20.0
1EY0A,1EY0,A,E,101,A,-1.36,7.0,20.0
1EL1A,1LZ1,A,I,59,M,-1.29,2.7,64.9
1VQBA,1VQB,A,D,36,C,-1.02,7.0,25.0
3ECAA,3ECA,A,T,119,A,0.0,7.4,25.0
1EL1A,1LZ1,A,N,118,A,0.19,2.7,64.9
1EL1A,4LYZ,A,D,101,S,0.87,6.4,74.0
2DRIA,2DRI,A,A,27,T,-3.3,7.7,25.0
1E65A,1E65,A,I,20,A,-1.56,7.0,25.0
1BNIA,1BNI,A,Y,24,F,0.05,6.3,25.0
1P2PA,1G4I,A,F,22,I,1.43,8.0,30.0
3SSIA,3SSI,A,V,13,L,-1.17,8.0,82.2
1KFWA,1KFW,A,N,197,K,0.81,7.5,16.0
1BNIA,1BNI,A,T,16,R,0.24,6.0,25.0
1MJCA,1CSP,A,M,1,R,1.75,7.0,70.0
2RN2A,2RN2,A,A,52,E,-1.5,3.2,53.0
2RN2A,2RN2,A,A,52,L,1.3,3.2,53.0
1EL1A,4LYZ,A,D,101,A,0.76,6.4,74.0
1EL1A,1LZ1,A,A,32,S,-0.33,2.7,64.9
1VQBA,1VQB,A,S,67,C,-1.85,7.0,25.0
1EY0A,1EY0,A,K,127,Q,0.06,7.0,20.0
1UWOA,1IGV,A,V,61,G,-3.6,7.0,25.0
1RX4A,5DFR,A,W,22,L,-0.31,7.8,15.0
1EL1A,1HFZ,A,L,110,E,-0.19,7.4,56.2
1MJCA,1CSP,A,E,50,Q,-1.16,7.5,55.0
1BNIA,1BNI,A,Y,78,F,-1.35,6.3,25.0
2LZMA,2LZM,A,V,131,E,0.2,3.0,53.1
1WQ5A,1WQ5,A,E,49,I,3.79,7.8,25.0
1BNIA,1BNI,A,L,33,Q,-1.34,6.3,25.0
1EY0A,1EY0,A,N,118,D,-2.34,7.0,20.0
1EY0A,1EY0,A,L,38,I,-2.06,7.0,20.0
1EY0A,1EY0,A,Y,113,L,0.2,7.0,20.0
1A23A,1FVK,A,C,33,S,-1.15,7.5,25.0
1KDXA,1KDX,A,Y,640,F,0.0,6.0,25.0
1BNIA,1BNI,A,I,88,L,-0.16,6.3,25.0
1EL1A,1LZ1,A,Y,38,G,-2.32,2.7,64.9
1VQBA,1VQB,A,L,37,C,-2.3,7.0,25.0
1RX4A,5DFR,A,T,113,V,-0.91,7.8,15.0
1BVCA,1BVC,A,L,69,A,-1.2,11.0,76.5
2LZMA,2LZM,A,L,133,F,-0.26,2.5,47.7
1EL1A,1LZ1,A,I,106,V,-0.72,2.7,64.9
1SUPA,1SUP,A,N,76,D,0.45,8.0,58.8
1BVCA,1BVC,A,F,123,T,-2.62,7.5,0.0
1EY0A,1EY0,A,E,52,A,-0.05,7.0,20.0
1EY0A,1EY0,A,I,15,A,-2.73,7.0,20.0
1TENA,1TEN,A,L,835,A,-4.13,5.0,25.0
1VQBA,1VQB,A,L,81,T,-2.55,7.0,25.0
1EY0A,1EY0,A,Q,123,F,-0.51,7.0,20.0
1EY0A,1EY0,A,E,57,C,-0.64,7.0,20.0
1VQBA,1VQB,A,V,45,C,-0.05,7.0,25.0
1WQ5A,1WQ5,A,F,22,L,1.4,7.8,25.0
1UWOA,1IGV,A,L,23,A,-3.24,7.0,25.0
1MGRA,1LNI,A,Q,94,K,0.56,6.8,47.5
1BVCA,1BVC,A,L,69,I,0.0,11.0,76.5
1EY0A,1EY0,A,H,124,F,0.51,7.0,20.0
1HMSA,1HMS,A,F,4,S,-3.67,8.0,37.0
1WQ5A,1WQ5,A,G,211,W,-1.95,7.8,25.0
1CUNA,1CUN,A,A,206,G,-2.25,7.0,25.0
1RX4A,5DFR,A,I,91,L,-1.5,7.8,15.0
1SAKA,1SAK,A,E,339,A,-0.66,7.0,25.0
1AG2A,1AG2,A,F,175,W,-0.05,7.0,22.0
3GLYA,3GLY,A,G,137,A,-0.31,4.5,30.0
1FKJA,1FKJ,A,V,55,A,-1.78,7.5,25.0
2LZMA,2LZM,A,T,157,H,-2.1,2.0,42.0
1MJCA,1CSP,A,E,3,Q,1.14,7.5,55.0
1BNIA,1BNI,A,E,73,A,-2.4,6.3,25.0
1RG8A,1RG8,A,H,93,N,0.19,6.6,24.9
1FKJA,1FKJ,A,V,63,A,-2.56,7.5,25.0
1SAKA,1SAK,A,Q,331,A,-0.46,7.0,25.0
1SHFA,1SHF,A,E,107,D,0.68,8.0,25.0
1UWOA,1IGV,A,V,70,L,-0.13,7.0,25.0
1FKJA,1FKJ,A,T,21,S,-1.06,7.5,25.0
2LZMA,2LZM,A,T,157,R,-0.54,2.5,46.3
1UZCA,1UZC,A,V,67,A,0.51,5.7,9.9
1RISA,1RIS,A,Y,33,A,0.41,8.0,25.0
1VQBA,1VQB,A,D,50,H,-0.77,7.0,25.0
2CI2I,2CI2,I,E,34,N,-0.58,6.2,25.0
1RX4A,5DFR,A,G,67,V,-0.7,7.0,15.0
1YYJA,1YYJ,A,A,40,G,-1.41,5.0,25.0
1WQ5A,1WQ5,A,E,49,G,-0.03,7.8,25.0
1EY0A,1EY0,A,K,136,A,-0.75,7.0,20.0
1RX4A,5DFR,A,G,67,D,-0.58,7.0,15.0
1BVCA,1BVC,A,L,32,A,-0.92,5.2,25.0
1EY0A,1EY0,A,K,63,F,-1.83,7.0,20.0
1SCEA,1DKT,A,S,9,A,-0.43,7.5,10.0
1EY0A,1EY0,A,K,70,E,-0.3,7.0,20.0
2CI2I,2CI2,I,V,53,A,-0.88,6.3,35.7
2LZMA,2LZM,A,V,131,G,-0.68,3.0,53.1
1EY0A,1EY0,A,T,41,I,0.86,7.0,20.0
1UZCA,1UZC,A,N,33,G,-0.42,5.7,9.9
1CUNA,1CUN,A,V,163,G,-0.85,7.0,25.0
1BNIA,1BNI,A,V,36,T,-1.11,6.3,25.0
1BTAA,1BTA,A,R,75,L,0.75,8.0,25.0
1IOBA,2NVH,A,L,10,A,-3.9,6.5,25.0
1EY0A,1EY0,A,D,21,A,0.83,7.0,20.0
2Q98A,3HHR,A,E,74,S,-1.01,8.0,20.0
1MGRA,1MGR,A,Y,11,F,-0.6,7.0,25.0
1BVCA,1BVC,A,L,29,V,-1.7,11.0,76.5
1EY0A,1EY0,A,I,18,A,-2.65,7.0,20.0
1FLVA,1FTG,A,D,150,K,-0.21,7.0,37.8
1WQ5A,1WQ5,A,C,81,A,-0.69,9.0,50.0
1EL1A,1LZ1,A,R,21,G,1.15,2.7,64.9
1SCEA,1DKT,A,M,58,L,-0.23,7.5,10.0
1FNFA,1FNA,A,A,13,G,-1.18,5.0,25.0
1EY0A,1EY0,A,T,62,C,-1.05,7.0,20.0
1EY0A,1EY0,A,Y,27,A,-3.63,7.0,20.0
1EL1A,1HFZ,A,L,110,R,0.43,7.4,56.2
2LZMA,2LZM,A,K,16,E,0.15,4.4,61.2
1TENA,1TEN,A,V,871,A,-2.69,5.0,25.0
1FKJA,1FKJ,A,E,60,G,-2.62,7.5,25.0
1BVCA,1BVC,A,L,135,M,-0.8,11.0,76.5
1RX4A,5DFR,A,W,30,S,-2.29,7.8,15.0
1EY0A,1EY0,A,K,9,G,-1.88,7.0,20.0
1EY0A,1EY0,A,K,134,A,0.12,7.0,20.0
1EY0A,1EY0,A,E,135,F,-1.1,7.0,20.0
1FNFA,1FNA,A,I,20,V,-0.18,5.0,25.0
1TENA,1TEN,A,T,867,S,-1.26,5.0,25.0
1LVEA,2IMM,A,L,106,I,0.36,7.4,20.0
1BPIA,5PTI,A,F,33,L,-2.7,8.7,25.0
1EY0A,1EY0,A,G,50,A,0.16,7.0,20.0
1EL1A,1HMK,A,Y,103,F,-2.13,7.0,25.0
1AG2A,1AG2,A,T,183,A,-4.04,7.0,25.0
2CI2I,2CI2,I,I,76,A,-4.21,4.8,25.0
1BVCA,1BVC,A,L,69,V,-0.1,11.0,76.5
1EY0A,1EY0,A,A,130,V,-1.08,7.0,20.0
1CUNA,1AJ3,A,R,14,G,-1.9,7.0,25.0
1EY0A,1EY0,A,L,89,G,-3.18,7.0,20.0
1EY0A,1EY0,A,T,44,G,-0.37,7.0,20.0
3SSIA,3SSI,A,V,13,M,-2.86,8.0,82.2
1RG8A,1RG8,A,H,93,A,-0.6,6.6,24.9
1EL1A,1LZ1,A,G,37,Q,-0.4,3.0,52.3
1EY0A,1EY0,A,R,81,G,-2.06,7.0,20.0
2RN2A,2RN2,A,S,68,V,0.7,4.6,34.0
1MJCA,1C9O,A,E,46,A,0.01,7.0,47.6
2ABDA,2ABD,A,Y,28,F,-1.23,5.3,5.0
2CI2I,2CI2,I,K,37,G,-1.18,6.3,35.8
1EL1A,1LZ1,A,V,74,I,0.45,2.7,64.9
1EY0A,1EY0,A,E,73,K,-2.06,7.0,20.0
1EL1A,4LYZ,A,E,35,A,1.24,4.6,35.0
1HMSA,1IFC,A,L,64,G,-2.26,7.4,20.0
1EL1A,4LYZ,A,W,108,Y,-1.92,4.6,35.0
3PGKA,3PGK,A,W,333,F,-1.88,7.5,24.1
1RISA,1RIS,A,L,79,A,-3.91,8.0,25.0
1VQBA,1VQB,A,A,86,V,0.25,7.0,25.0
1EL1A,1HFZ,A,H,107,Y,-0.19,7.4,56.2
1A43A,1A43,A,G,156,A,-2.4,7.3,25.0
1BVCA,1BVC,A,I,28,A,-0.86,6.6,36.8
1EL1A,1HFZ,A,Y,103,A,-2.39,7.4,56.2
1EY0A,1EY0,A,L,7,V,-1.15,7.0,20.0
1C5GA,1QLP,A,A,31,V,0.6,6.5,25.0
1EY0A,1EY0,A,Y,115,G,-0.56,7.0,20.0
1RX4A,5DFR,A,G,67,C,-0.51,7.0,15.0
1TITA,1TIT,A,V,86,A,-4.45,7.4,25.0
1CUNA,1CUN,A,A,119,G,-1.75,7.0,25.0
1EY0A,1EY0,A,V,51,G,-0.17,7.0,20.0
2TRXA,2TRX,A,C,32,A,-3.5,7.0,25.0
1EY0A,1EY0,A,T,120,S,-0.57,7.0,20.0
1EY0A,1EY0,A,I,92,V,-0.46,7.0,20.0
2TRXA,2TRX,A,L,78,K,-1.95,7.0,85.3
1FLVA,1FTG,A,V,31,A,-1.85,7.0,34.6
2RN2A,2RN2,A,D,134,T,0.74,4.6,52.0
2CI2I,2CI2,I,L,27,A,-2.44,5.7,33.7
1PDOA,1PDO,A,W,33,F,-1.08,7.4,22.0
1APSA,1APS,A,V,47,A,-1.87,5.5,28.0
1EL1A,1LZ1,A,I,23,A,-2.54,2.7,64.9
1EY0A,1EY0,A,E,67,G,-1.0,7.0,20.0
1FNFA,1FNA,A,S,85,A,0.13,5.0,25.0
1AMQA,1AMQ,A,C,82,S,-2.44,7.5,25.0
1EY0A,1EY0,A,H,46,A,-0.45,7.0,20.0
1FKJA,1FKJ,A,W,59,F,2.72,7.5,25.0
1YYJA,1YYJ,A,V,84,A,-3.42,5.0,25.0
1EY0A,1EY0,A,I,92,L,-0.6,7.0,20.0
1EY0A,1EY0,A,T,13,S,-0.35,7.0,20.0
1EY0A,1EY0,A,D,95,G,-2.93,7.0,20.0
2RN2A,2RN2,A,A,52,H,-3.6,3.2,53.0
2CI2I,2CI2,I,R,67,A,-1.21,7.0,30.1
2TRXA,2TRX,A,T,66,L,-1.03,7.0,25.0
1CUNA,1AJ3,A,F,12,A,-3.7,7.0,25.0
1BNIA,1BNI,A,K,108,R,0.84,6.3,25.0
1EY0A,1EY0,A,I,15,G,-3.43,7.0,20.0
1HMSA,1HMS,A,R,126,K,-3.26,8.0,25.0
1CUNA,1CUN,A,K,152,A,-0.15,7.0,25.0
1YYJA,1YYJ,A,A,91,G,-1.6,5.0,25.0
1EL1A,1LZ1,A,I,59,A,-1.72,2.7,64.9
2Q98A,3HHR,A,E,74,A,-0.95,8.0,20.0
1CUNA,1CUN,A,V,163,A,0.15,7.0,25.0
1ACBI,1CSE,I,V,62,A,-1.01,7.0,25.0
1EY0A,1EY0,A,Y,113,F,0.07,7.0,20.0
1EL1A,4LYZ,A,D,101,R,0.27,6.4,74.0
1BTAA,1BTA,A,K,22,Q,-0.79,8.0,25.0
1EY0A,1EY0,A,R,105,F,-2.84,7.0,20.0
1EL1A,1HFZ,A,K,114,N,2.66,7.4,56.2
1RISA,1RIS,A,F,60,A,-0.81,8.0,25.0
1CUNA,1AJ3,A,A,102,G,-2.6,7.0,25.0
1EL1A,4LYZ,A,D,101,E,0.0,6.4,74.0
1HUEA,1HUU,A,V,42,I,-0.82,7.0,63.9
1EY0A,1EY0,A,K,48,Q,-0.02,7.0,20.0
1EL1A,1LZ1,A,V,2,N,-1.34,2.7,64.9
1MGRA,1MGR,A,Y,58,F,-0.7,7.0,25.0
1BNIA,1BNI,A,E,29,G,-1.91,6.3,25.0
1TENA,1TEN,A,I,809,A,-2.74,5.0,25.0
2A36A,2A36,A,T,22,N,1.3,6.0,25.0
1YYJA,1YYJ,A,L,68,A,-3.88,5.0,25.0
1KCQA,1KCQ,A,D,187,Y,-2.03,7.2,15.0
1AARA,1UBQ,A,K,27,Q,-1.91,5.0,25.0
1SHFA,1SHF,A,S,124,K,0.11,8.0,25.0
1AZPA,1SSO,A,I,29,V,-0.4,7.0,50.0
1TPKA,1TPK,A,V,65,T,-1.0,4.5,64.3
1EY0A,1EY0,A,L,14,I,-1.6,7.0,20.0
1EY0A,1EY0,A,L,36,V,-3.58,7.0,20.0
2LZMA,2LZM,A,T,157,E,-1.22,2.5,46.3
1SHFA,1SHF,A,E,107,H,-0.99,8.0,25.0
1EY0A,1EY0,A,V,51,I,0.09,7.0,20.0
1EL1A,1LZ1,A,V,2,Y,-0.36,2.7,64.9
1BNIA,1BNI,A,R,69,S,-2.83,6.3,25.0
1EL1A,1HFZ,A,H,32,A,-2.13,7.4,56.2
2RN2A,2RN2,A,I,53,D,-3.1,5.5,25.0
1EY0A,1EY0,A,D,21,K,1.1,7.0,20.0
1AARA,1UBQ,A,R,42,E,1.63,5.0,25.0
1RTBA,1RTB,A,D,121,N,-1.71,5.2,25.0
1EL1A,1LZ1,A,N,118,G,0.05,2.7,64.9
1EY0A,1EY0,A,V,51,L,-0.1,7.0,20.0
1C5GA,1QLP,A,V,364,L,-0.3,6.5,25.0
2TRXA,2TRX,A,C,35,A,-3.03,7.0,25.0
1ZNJB,1ZNJ,B,F,25,D,0.48,8.0,25.0
1CLWA,1TYV,A,G,244,R,-1.33,7.4,88.4
1FLVA,1FTG,A,Q,99,A,1.59,7.0,34.6
1EL1A,1LZ1,A,I,56,F,-4.09,2.7,64.9
1EY0A,1EY0,A,L,89,V,-1.42,7.0,20.0
3MBPA,3MBP,A,Y,283,D,-2.3,7.6,25.0
1MGRA,1LNI,A,D,25,K,0.9,7.0,36.1
1VQBA,1VQB,A,V,63,T,-2.5,7.0,25.0
2RN2A,2RN2,A,A,52,M,0.5,3.2,53.0
1EL1A,1LZ1,A,V,100,A,-0.26,2.7,64.9
1CUNA,1AJ3,A,H,59,A,-2.3,7.0,25.0
1EY0A,1EY0,A,V,99,L,-0.15,7.0,20.0
1CUNA,1AJ3,A,K,72,A,-0.1,7.0,25.0
1C5GA,1QLP,A,A,248,V,2.3,6.5,25.0
1FKJA,1FKJ,A,E,61,A,-0.73,7.5,25.0
1LVEA,2IMM,A,M,21,I,0.24,7.4,20.0
1HMSA,1IFC,A,L,72,C,0.02,8.1,20.0
2RN2A,2RN2,A,D,134,E,0.81,4.6,52.0
1ZNJB,1ZNJ,B,H,10,E,1.11,8.0,25.0
1BNIA,1BNI,A,I,76,V,-0.87,6.3,25.0
2LZMA,2LZM,A,I,3,T,-2.15,4.0,53.0
1BNIA,1BNI,A,W,94,F,-1.04,7.3,25.0
1EY0A,1EY0,A,V,39,S,-2.44,7.0,20.0
1EL1A,1LZ1,A,E,7,Q,-0.94,3.5,65.0
1VQBA,1VQB,A,V,35,L,-1.07,7.0,25.0
1BNIA,1BNI,A,T,26,A,-1.95,6.3,25.0
1EY0A,1EY0,A,Y,113,A,0.06,7.0,20.0
1SAKA,1SAK,A,K,351,A,0.57,7.0,25.0
1MGRA,1LNI,A,E,54,Q,-1.96,6.3,51.9
1MJCA,1C9O,A,L,66,E,-0.97,7.0,47.6
3SSIA,3SSI,A,M,103,V,-0.93,6.9,75.5
1RX4A,5DFR,A,V,75,I,-1.65,7.8,15.0
1EY0A,1EY0,A,E,122,K,-2.53,7.0,20.0
1YYJA,1YYJ,A,L,3,A,-1.6,5.0,25.0
1SUPA,1SUP,A,N,218,S,1.07,8.0,58.8
1CAHA,1CAH,A,W,5,F,-1.8,7.5,23.0
1BNIA,1BNI,A,E,73,W,-2.2,6.3,25.0
1TENA,1TEN,A,L,863,A,-3.96,5.0,25.0
1RX4A,5DFR,A,I,155,W,-3.21,7.8,15.0
1EY0A,1EY0,A,T,62,G,-3.52,7.0,20.0
1BVCA,1BVC,A,H,119,F,-0.68,7.0,0.0
1EY0A,1EY0,A,T,13,C,-1.2,7.0,20.0
2LZMA,2LZM,A,I,3,L,0.77,4.2,56.2
1EY0A,1EY0,A,Y,27,S,-3.21,7.0,20.0
1TPKA,1TPK,A,V,65,S,-2.4,4.5,64.3
1EL1A,1LZ1,A,G,129,A,0.14,2.7,64.9
1BNIA,1BNI,A,K,62,R,-0.35,6.3,25.0
1VQBA,1VQB,A,F,68,V,-2.5,7.0,25.0
1VQBA,1VQB,A,I,47,C,-2.33,7.0,25.0
1EY0A,1EY0,A,K,53,A,-0.17,7.0,20.0
1EY0A,1EY0,A,A,12,V,-0.89,7.0,20.0
1BVCA,1BVC,A,I,111,L,-0.6,11.0,76.5
1UZCA,1UZC,A,Q,60,G,-0.8,5.7,9.9
1BNIA,1BNI,A,N,5,A,-1.83,6.3,25.0
1EY0A,1EY0,A,Y,27,Q,-3.31,7.0,20.0
3PGKA,3PGK,A,Y,48,W,-1.62,7.5,25.0
1RTBA,1RTB,A,A,4,S,-0.45,7.1,62.0
1OH0A,1OH0,A,Y,32,F,0.2,7.0,25.0
1EY0A,1EY0,A,G,29,A,-1.41,7.0,20.0
1EY0A,1EY0,A,M,65,I,-1.43,7.0,20.0
1RX4A,5DFR,A,G,121,A,-0.01,7.0,15.0
1EY0A,1EY0,A,S,59,A,0.62,7.0,20.0
1EY0A,1EY0,A,H,121,A,-2.92,7.0,20.0
1EL1A,1HMK,A,T,29,I,3.55,6.4,24.5
2HPRA,1POH,A,K,49,E,1.85,7.0,36.2
1UZCA,1UZC,A,L,52,A,-2.71,5.7,9.9
1TENA,1TEN,A,S,875,A,-0.27,5.0,25.0
1UWOA,2H61,A,L,3,S,-1.25,7.2,25.0
1YYJA,1YYJ,A,L,48,A,-3.73,5.0,25.0
1RTBA,1RTB,A,A,5,S,-0.27,7.1,62.0
2HPRA,1POH,A,K,49,R,-0.15,7.0,25.0
1MJCA,1MJC,A,S,52,W,-0.2,7.0,25.0
1EY0A,1EY0,A,D,40,G,-0.38,7.0,20.0
1EY0A,1EY0,A,G,79,S,-2.14,6.5,31.5
1RN1C,1RN1,C,N,44,S,-1.77,7.0,37.9
1EY0A,1EY0,A,I,72,M,-1.88,7.0,20.0
1EY0A,1EY0,A,E,57,G,-1.41,7.0,20.0
1EY0A,1EY0,A,T,33,I,0.73,7.0,20.0
1FLVA,1FTG,A,L,143,A,-0.17,7.0,34.6
1RISA,1RIS,A,V,65,A,-2.89,8.0,25.0
1EY0A,1EY0,A,I,72,L,-0.23,7.0,20.0
1EY0A,1EY0,A,T,82,S,-0.75,7.0,20.0
1VQBA,1VQB,A,V,19,C,-0.15,7.0,25.0
1UZCA,1UZC,A,T,13,A,-0.99,5.7,9.9
1UZCA,1UZC,A,A,20,G,-2.3,5.7,9.9
1CUNA,1AJ3,A,F,91,A,-2.8,7.0,25.0
1BVCA,1BVC,A,I,28,L,-0.6,11.0,76.5
1EY0A,1EY0,A,L,108,I,-3.34,7.0,20.0
1HMSA,1IFC,A,W,82,Y,-0.39,7.0,25.0
1EY0A,1EY0,A,V,66,K,-4.83,9.2,20.0
1AKYA,1ANK,A,D,84,H,-1.4,7.2,51.8
1RTBA,1RTB,A,V,47,A,-3.8,5.0,40.0
2RN2A,2RN2,A,D,94,E,-0.4,4.6,49.8
1EY0A,1EY0,A,A,112,G,0.2,7.0,20.0
1RN1C,1RN1,C,V,78,C,-3.67,7.0,25.0
1EL1A,1LZ1,A,Q,58,A,0.91,2.7,64.9
1RX4A,5DFR,A,I,155,A,-2.99,7.8,15.0
1EY0A,1EY0,A,K,9,A,-1.38,7.0,20.0
2LZMA,2LZM,A,C,54,T,0.87,6.2,67.6
1EY0A,1EY0,A,K,28,F,-0.85,7.0,20.0
2CI2I,2CI2,I,F,69,L,-2.05,6.3,35.8
1QNDA,1QND,A,C,71,S,-1.38,6.8,20.0
1VQBA,1VQB,A,I,78,T,-3.3,7.0,25.0
1VQBA,1VQB,A,Y,41,F,-0.3,7.0,25.0
1EY0A,1EY0,A,K,64,Q,0.0,7.0,20.0
1AKYA,1ANK,A,R,88,G,-0.1,7.4,51.8
2LZMA,2LZM,A,A,41,V,0.37,3.9,57.0
1UZCA,1UZC,A,M,42,A,-1.37,5.7,9.9
1WQ5A,1WQ5,A,E,49,K,0.42,7.8,25.0
2RN2A,2RN2,A,G,23,A,0.57,4.6,51.9
1EY0A,1EY0,A,T,22,A,-1.69,7.0,20.0
1RX4A,5DFR,A,V,40,F,-1.99,7.8,15.0
1ZNJB,1ZNJ,B,S,9,D,0.06,8.0,25.0
1BNIA,1BNI,A,I,88,A,-4.01,6.3,29.9
1APSA,1APS,A,Y,11,I,-2.24,5.5,28.0
2HPRA,1POH,A,K,49,N,0.35,7.0,25.0
1APSA,1APS,A,V,17,A,-1.84,5.5,28.0
1UWOA,1IGV,A,F,66,A,-4.2,7.0,25.0
2LZMA,2LZM,A,N,116,D,0.47,4.6,60.9
1H7MA,1H7M,A,K,33,A,0.12,7.4,25.0
1EY0A,1EY0,A,E,67,Q,-0.57,7.0,20.0
1PGAA,1PGA,A,D,22,G,-1.52,5.5,25.0
1BNIA,1BNI,A,A,32,L,-0.11,6.3,25.0
1DILA,3SIL,A,A,53,L,0.9,7.0,25.0
1BNIA,1BNI,A,I,55,A,-1.29,6.3,25.0
1LUCA,1LUC,A,A,81,H,-2.7,7.0,25.0
1FLVA,1FTG,A,E,72,K,1.41,7.0,37.8
1EY0A,1EY0,A,V,104,I,0.27,7.0,20.0
1RN1C,1RN1,C,Y,42,W,-0.14,6.0,25.0
1VQBA,1VQB,A,K,24,V,0.4,7.0,25.0
1EL1A,1LZ1,A,Y,38,F,-0.19,2.7,64.9
1EY0A,1EY0,A,A,109,G,-0.98,7.0,20.0
1KCQA,1KCQ,A,D,187,N,-1.05,7.2,25.0
1VQBA,1VQB,A,V,35,F,-1.5,7.0,25.0
1EY0A,1EY0,A,Q,123,G,-0.44,7.0,20.0
1MGRA,1LNI,A,Y,51,F,-2.3,7.0,25.0
1EL1A,1HFZ,A,H,107,W,-1.72,7.4,56.2
3SSIA,3SSI,A,M,73,A,0.21,6.9,53.4
2RN2A,2RN2,A,A,52,F,-0.5,3.2,53.0
2LZMA,2LZM,A,R,119,E,-0.06,4.8,46.9
1RTBA,1RTB,A,V,57,I,-1.3,5.0,40.0
1EY0A,1EY0,A,F,34,A,-3.8,7.0,20.0
1WQ5A,1TTQ,A,L,209,V,-3.2,7.8,25.0
1EL1A,1LZ1,A,C,77,A,-4.6,3.0,57.0
2CI2I,2CI2,I,N,75,A,-1.02,6.2,25.0
1EY0A,1EY0,A,R,126,G,-2.86,7.0,20.0
1EY0A,1EY0,A,S,128,A,0.83,7.0,20.0
1LS4A,1AEP,A,T,141,A,-1.03,7.4,25.0
1FKJA,1FKJ,A,L,106,A,-2.08,7.5,25.0
1RN1C,1RN1,C,N,44,D,-1.58,6.3,35.8
1EL1A,1LZ1,A,G,105,A,-0.62,2.7,64.9
1HMSA,1HMS,A,T,40,Q,-2.73,8.0,25.0
1JIWI,1JIW,I,D,10,A,-0.7,7.1,25.0
2Q98A,3HHR,A,S,71,T,-0.2,8.0,20.0
1E65A,1E65,A,V,22,T,-0.96,7.0,25.0
1BNIA,1BNI,A,Q,15,I,1.19,6.3,25.0
1RN1C,1RN1,C,Y,24,W,1.24,6.0,25.0
1EY0A,1EY0,A,K,78,Q,-0.15,7.0,20.0
1AMQA,1AMQ,A,C,192,A,-1.21,7.5,25.0
1MJCA,1MJC,A,F,20,L,-0.31,7.0,25.0
1BNIA,1BNI,A,R,83,Q,-1.47,5.5,25.0
2TRXA,2TRX,A,D,26,A,4.2,7.7,25.0
1VQBA,1VQB,A,L,32,Y,0.5,7.0,25.0
1BNIA,1BNI,A,A,32,W,-1.07,6.3,25.0
1YYJA,1YYJ,A,R,34,G,-3.26,5.0,25.0
1EY0A,1EY0,A,K,110,G,-2.59,7.0,20.0
1EY0A,1EY0,A,G,29,C,-1.26,7.0,20.0
2A36A,2A36,A,T,22,G,3.59,6.0,20.1
1HK0X,1HK0,X,Q,54,A,0.5,7.0,37.0
3SSIA,3SSI,A,M,73,D,0.69,6.9,53.4
1CUNA,1AJ3,A,A,58,G,-1.1,7.0,25.0
1SHGA,1SHG,A,K,59,Y,-0.84,7.0,24.9
1EL1A,1HFZ,A,W,118,H,-0.6,7.4,56.2
1MJCA,1CSP,A,E,66,K,2.18,7.0,70.0
1EL1A,1LZ1,A,V,100,F,-1.65,2.7,64.9
1EL1A,1LZ1,A,R,50,A,0.43,2.7,64.9
1LUCA,1LUC,B,H,81,A,-2.1,7.0,25.0
2LZMA,2LZM,A,L,133,A,-4.19,2.0,40.8
2CI2I,2CI2,I,L,51,A,-2.16,6.3,35.8
1EY0A,1EY0,A,H,124,Q,0.69,7.0,20.0
1HMEA,1HME,A,S,33,H,-1.85,7.0,20.0
1BNIA,1BNI,A,Q,31,A,-0.03,6.3,25.0
1EY0A,1EY0,A,T,82,V,0.24,7.0,20.0
1AG2A,1AG2,A,R,208,H,-1.05,7.0,25.0
1BNIA,1BNI,A,T,26,N,-1.29,6.3,25.0
1E65A,1E65,A,L,125,A,-0.72,7.0,25.0
1EY0A,1EY0,A,V,111,A,-4.26,7.0,20.0
1EY0A,1EY0,A,K,64,G,-0.51,7.0,20.0
1SAKA,1SAK,A,R,333,A,-1.05,7.0,25.0
1MGRA,1LNI,A,Y,81,F,-1.2,7.0,25.0
1BPIA,5PTI,A,Y,35,N,-3.7,8.7,25.0
1FLVA,1FTG,A,V,139,A,-1.09,7.0,34.6
1EL1A,4LYZ,A,S,91,D,-2.31,6.4,74.0
1YYJA,1YYJ,A,L,14,A,-1.92,5.0,25.0
1LVEA,1LVE,A,S,97,T,0.13,7.5,25.0
1RX4A,5DFR,A,W,30,E,-2.42,7.8,15.0
2LZMA,2LZM,A,E,128,A,0.16,2.0,40.8
1BNIA,1BNI,A,Y,13,F,-0.52,6.3,25.0
1EY0A,1EY0,A,L,37,V,-2.78,7.0,20.0
1IOBA,2NVH,A,C,8,S,-3.74,6.5,25.0
2LZMA,2LZM,A,V,131,I,0.16,3.0,53.1
1HMSA,1IFC,A,F,68,A,-0.42,7.0,25.0
1FLVA,1FTG,A,I,156,V,-3.16,7.0,34.6
1YYJA,1YYJ,A,K,15,A,-0.2,5.0,25.0
1EL1A,1LZ1,A,I,59,L,0.0,2.7,64.9
1FNFA,1FNA,A,L,18,A,-0.99,5.0,25.0
1RX4A,5DFR,A,G,121,L,-0.58,7.0,15.0
1RX4A,5DFR,A,S,148,K,-0.38,7.8,15.0
1RX4A,5DFR,A,C,152,E,-0.97,7.8,15.0
1VQBA,1VQB,A,V,35,T,-2.65,7.0,25.0
1FNFA,1FNA,A,Y,32,A,-4.23,5.0,25.0
1BNIA,1BNI,A,T,6,D,0.11,6.3,25.0
1FNFA,1FNA,A,I,88,A,-0.67,5.0,25.0
1EL1A,1LZ1,A,V,110,M,0.53,2.7,64.9
1CEYA,1CEY,A,A,74,G,-0.31,8.0,25.0
1EY0A,1EY0,A,K,71,G,-1.31,7.0,20.0
1BPIA,5PTI,A,Y,10,L,-2.9,8.7,25.0
2CI2I,2CI2,I,E,33,Q,-0.39,6.2,25.0
1EY0A,1EY0,A,D,19,N,0.07,7.0,20.0
1EL1A,1LZ1,A,V,2,S,-1.41,2.7,64.9
1RX4A,5DFR,A,G,121,S,-0.08,7.0,15.0
1FNFA,1FNA,A,A,74,G,-1.56,5.0,25.0
1BNIA,1BNI,A,E,73,F,-2.1,6.3,25.0
1EY0A,1EY0,A,K,84,A,0.1,7.0,20.0
1HMSA,1HMS,A,E,72,S,-3.67,8.0,37.0
1EY0A,1EY0,A,K,64,A,0.16,7.0,20.0
1YYJA,1YYJ,A,I,72,A,-4.79,5.0,25.0
1BPIA,5PTI,A,G,12,V,-4.1,8.7,25.0
2CI2I,2CI2,I,V,82,G,-3.24,6.3,25.0
1RX4A,5DFR,A,G,121,Y,-0.51,7.0,15.0
2RN2A,2RN2,A,A,24,V,0.83,4.6,51.8
1EL1A,4LYZ,A,W,108,Q,-3.95,4.6,35.0
1IO2A,1IO2,A,E,8,Q,-1.25,9.0,50.0
1EY0A,1EY0,A,H,8,A,-0.48,7.0,20.0
1MJCA,1CSP,A,S,48,R,1.58,7.0,70.0
2Q98A,3HHR,A,E,74,L,-1.01,8.0,20.0
1IOBA,2NVH,A,L,6,A,-2.13,6.5,25.0
2RN2A,2RN2,A,V,74,A,-2.98,4.6,51.2
2CI2I,2CI2,I,L,51,V,-0.67,6.3,35.8
2LZMA,2LZM,A,V,131,A,0.3,3.4,53.2
2RN2A,2RN2,A,D,70,A,0.65,6.8,48.1
1UZCA,1UZC,A,S,50,G,-0.02,5.7,9.9
1VQBA,1VQB,A,L,32,R,-0.8,7.0,25.0
1MJCA,1C9O,A,E,21,A,-0.29,7.0,70.0
1CUNA,1AJ3,A,W,22,F,-1.31,7.5,25.0
1BNIA,1BNI,A,A,32,I,-0.74,6.3,25.0
1K9QA,1K9Q,A,D,34,T,0.37,7.0,56.7
1MSIA,1MSI,A,R,47,A,-0.74,7.0,25.0
1LVEA,1LVE,A,Q,89,H,-0.9,7.5,25.0
1RHGA,1RHG,A,L,50,E,-0.19,5.9,25.0
1RTBA,1RTB,A,H,119,A,0.35,5.2,25.0
1BNIA,1BNI,A,L,89,T,-2.82,6.3,25.0
1H7MA,1H7M,A,E,90,A,-0.41,7.4,25.0
1E65A,1E65,A,I,20,T,-2.39,7.0,25.0
1AARA,1UBQ,A,E,18,D,-0.08,3.0,25.0
1AARA,1OTR,B,I,30,V,-1.58,3.0,50.0
1VQBA,1VQB,A,Y,41,A,-0.2,7.0,25.0
3PGKA,3PGK,A,Y,122,W,-2.19,7.5,25.0
1EL1A,1LZ1,A,G,68,A,-0.12,2.7,64.9
1EY0A,1EY0,A,L,125,V,-2.3,7.0,20.0
1RTBA,1RTB,A,V,54,I,-1.95,5.0,40.0
1WQ5A,1WQ5,A,C,118,S,-2.27,9.0,50.0
1EL1A,4LYZ,A,Q,121,H,-0.45,6.4,74.0
1WQ5A,1WQ5,A,G,211,R,-0.12,7.8,50.4
1BVCA,1BVC,A,I,28,V,0.0,11.0,76.5
1EL1A,1LZ1,A,I,56,M,-1.77,2.7,64.9
1H7MA,1H7M,A,K,22,A,0.43,7.4,25.0
1ARRA,1ARR,A,D,20,G,-1.35,7.5,25.0
1RX4A,5DFR,A,W,30,N,-2.07,7.8,15.0
1N0JA,1N0J,A,I,58,T,-2.95,7.8,88.9
1UZCA,1UZC,A,S,32,A,0.0,5.7,9.9
1UWOA,1IGV,A,L,23,G,-3.95,7.0,25.0
1C5GA,1QLP,A,W,194,F,-0.47,7.8,25.0
2LZMA,2LZM,A,N,132,F,1.3,5.4,66.5
2LZMA,2LZM,A,T,157,C,-1.3,2.0,42.0
1BNIA,1BNI,A,K,19,R,0.54,6.3,25.0
1EL1A,1HMK,A,D,87,N,-1.14,7.0,25.0
2LZMA,2LZM,A,I,3,E,-1.72,4.0,53.0
1SAKA,1SAK,A,E,326,A,-0.4,7.0,25.0
2ABDA,2ABD,A,Y,31,N,-1.86,5.3,5.0
2CI2I,2CI2,I,S,31,A,-0.96,5.8,31.2
1EY0A,1EY0,A,A,60,F,-0.8,7.0,20.0
1EL1A,1LZ1,A,I,59,T,-2.22,2.7,64.9
1RTBA,1RTB,A,V,57,A,-2.85,5.0,40.0
1BPIA,5PTI,A,Y,35,D,-3.8,8.7,25.0
1EY0A,1EY0,A,T,22,V,-0.85,7.0,20.0
1EY0A,1EY0,A,L,137,A,-2.18,7.0,20.0
1BVCA,1BVC,A,L,49,I,-0.8,11.0,76.5
1BNIA,1BNI,A,A,32,E,-0.24,6.3,25.0
1YYJA,1YYJ,A,Y,105,A,-2.36,5.0,25.0
1BPIA,5PTI,A,Y,35,F,-0.6,8.7,25.0
1EY0A,1EY0,A,K,134,F,-0.26,7.0,20.0
1EY0A,1EY0,A,L,137,V,-1.42,7.0,20.0
1BRFA,1IRO,A,V,24,I,0.36,9.1,107.0
1RTBA,1RTB,A,I,107,A,-2.85,5.0,40.0
1C5GA,1QLP,A,V,145,I,0.2,6.5,25.0
1VQBA,1VQB,A,I,47,A,-3.32,7.0,25.0
1EY0A,1EY0,A,K,63,E,-1.47,7.0,20.0
1FLVA,1FTG,A,D,75,K,1.03,7.0,37.8
1RX4A,5DFR,A,L,24,V,-1.29,7.8,15.0
2LZMA,2LZM,A,I,3,W,-2.8,6.5,64.7
1TENA,1TEN,A,E,887,G,-0.14,5.0,25.0
1EY0A,1EY0,A,K,45,G,0.2,7.0,20.0
1OH0A,1OH0,A,Y,57,F,-1.22,7.0,25.0
1EY0A,1EY0,A,N,119,A,-1.03,7.0,20.0
3PGKA,3PGK,A,F,194,W,-1.12,7.5,25.0
1AG2A,1AG2,A,M,129,V,-0.11,7.0,25.0
1VQBA,1VQB,A,V,45,T,-1.75,7.0,25.0
1MJCA,1CSP,A,E,43,S,0.29,7.0,70.0
1TENA,1TEN,A,V,811,A,-1.4,5.0,25.0
1BNIA,1BNI,A,T,16,A,-0.38,6.3,25.0
1EY0A,1EY0,A,E,122,G,-1.99,7.0,20.0
1BNIA,1BNI,A,T,26,Q,-1.72,6.3,25.0
1EY0A,1EY0,A,Y,93,L,-4.53,7.0,20.0
2Q98A,3HHR,A,E,74,Q,-0.71,8.0,20.0
2LZMA,2LZM,A,T,157,F,-3.73,6.0,26.1
1MGRA,1MGR,A,Y,33,F,0.5,7.0,25.0
1YYJA,1YYJ,A,W,7,M,-0.85,5.0,25.0
1E65A,1E65,A,L,50,T,-2.34,7.0,25.0
1EY0A,1EY0,A,D,95,A,-3.5,7.0,20.0
1VQBA,1VQB,A,I,47,V,-1.18,7.0,25.0
1FKJA,1FKJ,A,V,2,A,-2.18,7.5,25.0
5CROA,5CRO,A,Y,26,V,0.45,7.0,45.0
1HMSA,1HMS,A,K,21,I,0.0,8.0,37.0
2CI2I,2CI2,I,E,33,N,-0.55,6.3,32.2
1EL1A,1HMK,A,T,33,I,-0.64,6.1,24.0
1VQBA,1VQB,A,K,69,H,-0.62,7.0,25.0
3SSIA,3SSI,A,M,73,E,0.37,6.9,53.4
1RX4A,5DFR,A,V,88,I,-0.49,7.2,20.0
1EY0A,1EY0,A,K,78,F,0.05,7.0,20.0
1BVCA,1BVC,A,I,142,A,-1.1,11.0,76.5
1EY0A,1EY0,A,E,135,A,-0.73,7.0,20.0
1EL1A,1HMK,A,L,52,A,-3.22,7.0,25.0
1EL1A,1LZ1,A,Y,63,F,-0.24,2.7,64.9
1MSIA,1MSI,A,R,23,A,-0.89,7.0,25.0
1EY0A,1EY0,A,V,74,A,-3.23,7.0,20.0
2LZMA,2LZM,A,Q,105,E,-0.94,4.8,59.8
1RISA,1RIS,A,L,21,A,-0.16,8.0,25.0
1CUNA,1AJ3,A,I,63,A,-2.8,7.0,25.0
1BNIA,1BNI,A,F,7,L,-4.35,6.2,25.0
1WQ5A,1WQ5,A,L,176,A,-4.01,7.8,25.0
1EY0A,1EY0,A,Y,27,F,-0.4,7.0,20.0
1CUNA,1AJ3,A,T,40,G,-0.1,7.0,25.0
1EY0A,1EY0,A,E,10,K,-1.98,7.0,20.0
1SHFA,1SHF,A,S,124,F,-1.9,8.0,25.0
2HPRA,1POH,A,K,49,A,1.39,7.0,25.0
1EY0A,1EY0,A,L,38,A,-1.51,7.0,20.0
1VQBA,1VQB,A,E,30,F,1.02,7.0,25.0
2A01A,2A01,A,L,141,R,-0.65,7.4,25.0
2ABDA,2ABD,A,L,80,A,-4.15,5.3,5.0
1CUNA,1CUN,A,I,128,V,-2.85,7.0,25.0
1EY0A,1EY0,A,Q,80,F,-0.58,7.0,20.0
1MSIA,1MSI,A,D,36,A,0.3,7.0,25.0
1BNIA,1BNI,A,I,109,A,-1.74,6.3,25.0
1CUNA,1AJ3,A,I,84,V,-0.6,7.0,25.0
1BNIA,1BNI,A,S,28,A,0.5,6.3,25.0
1BNIA,1BNI,A,R,110,A,-0.1,6.3,25.0
1VQBA,1VQB,A,C,33,M,-1.75,7.0,25.0
1UZCA,1UZC,A,A,51,G,-1.12,5.7,9.9
1EY0A,1EY0,A,G,96,A,-1.8,7.0,20.0
1RX4A,5DFR,A,C,85,S,-0.97,7.8,15.0
2CI2I,2CI2,I,I,39,V,-1.16,5.8,30.3
1UWOA,2H61,A,L,3,A,-0.64,7.2,25.0
1EY0A,1EY0,A,V,23,I,0.03,7.0,20.0
1EY0A,1EY0,A,K,71,F,0.04,7.0,20.0
1EL1A,1HMK,A,I,55,V,-2.72,7.0,25.0
1EY0A,1EY0,A,E,43,A,0.32,7.0,20.0
1CLWA,1TYV,A,G,323,D,-0.13,7.4,88.4
1EY0A,1EY0,A,E,57,K,0.01,7.0,20.0
1CUNA,1CUN,A,Q,115,A,-0.15,7.0,25.0
3MBPA,3MBP,A,V,8,G,0.38,7.6,25.0
1VQBA,1VQB,A,V,70,C,-1.6,7.0,25.0
1MJCA,1CSP,A,F,38,A,0.22,7.0,42.5
1ROPA,1ROP,A,D,30,R,0.8,7.0,69.0
1MJCA,1C9O,A,T,31,S,0.1,7.0,47.6
1CUNA,1CUN,A,M,193,A,-2.65,7.0,25.0
1FKJA,1FKJ,A,V,101,A,-2.39,7.5,25.0
1VQBA,1VQB,A,E,40,T,-0.2,7.0,25.0
1TITA,1TIT,A,L,58,A,-3.23,7.4,25.0
1BNIA,1BNI,A,G,53,A,-3.4,6.3,54.1
1RN1C,1RN1,C,D,49,F,0.1,7.0,52.7
1EL1A,1LZ1,A,L,8,T,-3.73,2.7,64.9
1RTBA,1RTB,A,V,54,A,-2.58,5.0,40.0
1CUNA,1AJ3,A,K,96,A,-0.4,7.0,25.0
1EY0A,1EY0,A,L,89,F,-1.2,5.4,40.0
1PGAA,1PGA,A,I,6,T,-1.79,5.2,44.0
1EL1A,4LYZ,A,G,102,V,-0.04,6.4,74.0
1SHFA,1SHF,A,E,107,A,-1.27,8.0,25.0
1EL1A,4LYZ,A,G,102,A,0.02,2.7,65.6
1EL1A,1LZ1,A,D,120,N,-0.17,3.5,65.0
1EL1A,4LYZ,A,G,117,A,-1.46,2.7,65.6
1RX4A,5DFR,A,G,121,H,-0.56,7.0,15.0
1MJCA,1C9O,A,N,11,S,0.11,7.0,47.6
1CUNA,1AJ3,A,R,105,A,0.0,7.0,25.0
1EL1A,1LZ1,A,I,59,G,-3.83,2.7,64.9
1VQBA,1VQB,A,V,35,M,-0.53,7.0,25.0
1MSIA,1MSI,A,E,25,A,-0.09,7.0,25.0
1CUNA,1AJ3,A,I,84,A,-2.0,7.0,25.0
1LS4A,1AEP,A,T,28,A,0.48,7.4,25.0
2RN2A,2RN2,A,E,48,Q,0.15,6.8,48.1
2RN2A,2RN2,A,H,62,D,0.13,4.6,51.8
1BVCA,1BVC,A,H,93,G,0.04,7.0,0.0
1BNIA,1BNI,A,R,69,K,-3.2,6.3,25.0
1VQBA,1VQB,A,L,49,I,-0.95,7.0,25.0
1FNFA,1FNA,A,Y,32,F,-0.54,5.0,25.0
1EY0A,1EY0,A,A,132,G,-3.6,7.0,20.0
1SCEA,1DKT,A,I,6,V,-0.57,7.5,10.0
1E65A,1E65,A,I,20,V,-0.38,7.0,25.0
1RX4A,5DFR,A,E,139,Q,-0.89,7.8,15.0
1VQBA,1VQB,A,M,77,T,-0.4,7.0,25.0
1RX4A,5DFR,A,V,40,I,-0.5,7.8,15.0
1QM4A,1QM4,A,R,265,H,-3.11,8.0,25.0
2RN2A,2RN2,A,I,53,F,-3.9,5.5,25.0
1SHFA,1SHF,A,V,138,M,-0.52,7.0,25.0
1MJCA,1C9O,A,N,55,K,-0.03,7.0,75.0
1EY0A,1EY0,A,A,130,G,-1.0,7.0,20.0
1FNFA,1FNA,A,L,62,A,-2.88,5.0,25.0
1BNIA,1BNI,A,G,34,K,-2.91,6.3,25.0
1ARRA,1ARR,A,E,28,G,-0.84,7.5,25.0
1EL1A,1LZ1,A,V,99,T,-0.5,2.7,64.9
1EY0A,1EY0,A,D,21,G,0.46,7.0,20.0
1RX4A,5DFR,A,V,75,A,-0.05,7.8,15.0
1EL1A,4LYZ,A,G,102,R,0.38,6.4,74.0
1EL1A,1HFZ,A,H,107,A,-0.79,7.4,56.2
1MGRA,1LNI,A,D,79,L,2.65,7.0,52.6
1EY0A,1EY0,A,V,74,T,-3.88,7.0,20.0
2HPRA,1POH,A,S,31,A,-0.4,7.0,30.0
1EY0A,1EY0,A,V,114,A,0.14,7.0,20.0
2LZMA,2LZM,A,K,147,E,-0.53,4.8,46.9
1APSA,1APS,A,I,86,V,-1.57,5.5,28.0
1EY0A,1EY0,A,H,124,L,1.31,5.9,46.9
1BNIA,1BNI,A,I,96,A,-3.31,6.3,28.4
1EY0A,1EY0,A,T,33,C,-1.04,7.0,20.0
2RN2A,2RN2,A,S,68,T,-0.01,4.6,34.0
1EY0A,1EY0,A,K,84,G,-0.39,7.0,20.0
1EY0A,1EY0,A,A,58,G,-2.53,7.0,20.0
1EY0A,1EY0,A,T,22,G,-2.54,7.0,20.0
1EY0A,1EY0,A,Y,27,M,-1.94,7.0,20.0
1RHGA,1RHG,A,G,149,A,1.38,7.0,25.0
1EY0A,1EY0,A,D,77,K,-3.28,7.0,20.0
1BPIA,5PTI,A,Y,35,A,-4.7,8.7,25.0
1HTIA,1HTI,A,S,105,D,-0.65,8.0,25.0
2CI2I,2CI2,I,D,42,A,-1.0,6.2,25.0
3SSIA,3SSI,A,V,13,G,-4.96,8.0,82.2
1FNFA,1FNA,A,Y,32,L,-2.74,5.0,25.0
1IOBA,2NVH,A,T,9,L,-1.9,6.5,25.0
1AARA,1UBQ,A,K,6,E,0.53,5.0,25.0
1UWOA,1IGV,A,I,73,V,-1.34,7.0,25.0
1EL1A,1LZ1,A,V,74,M,0.65,2.7,64.9
1LVEA,2IMM,A,A,100,G,0.02,7.4,20.0
1BNIA,1BNI,A,S,92,A,-2.89,5.9,25.0
1EL1A,4LYZ,A,T,40,S,-0.27,6.4,74.0
1CUNA,1CUN,A,G,198,A,0.45,7.0,25.0
1LVEA,2IMM,A,K,24,R,-0.17,7.4,20.0
1AARA,1UBQ,A,K,29,Q,-1.67,5.0,25.0
1BNIA,1BNI,A,D,12,S,-0.77,6.3,25.0
1BNIA,1BNI,A,A,32,F,-0.56,6.3,25.0
1EY0A,1EY0,A,I,139,V,-1.37,7.0,20.0
1CUNA,1AJ3,A,K,47,A,0.4,7.0,25.0
2RN2A,2RN2,A,K,95,G,1.83,4.6,49.8
1AARA,1UBQ,A,K,29,N,-1.48,5.0,25.0
1EL1A,1LZ1,A,G,48,A,0.45,2.7,64.9
1RX4A,5DFR,A,I,155,S,-3.09,7.8,15.0
2LZMA,2LZM,A,G,113,A,0.39,4.0,53.3
1RX4A,5DFR,A,F,31,V,-1.46,7.8,15.0
1YYJA,1YYJ,A,A,90,G,-2.34,5.0,25.0
1YYJA,1YYJ,A,K,27,G,-1.0,5.0,25.0
1MSIA,1MSI,A,R,39,A,-0.8,7.0,25.0
1EY0A,1EY0,A,V,111,T,-2.36,7.0,20.0
1EY0A,1EY0,A,K,78,G,-1.07,7.0,20.0
2A36A,2A36,A,T,22,D,1.5,6.0,25.0
1EY0A,1EY0,A,K,70,Q,-0.25,7.0,20.0
1UWOA,1IGV,A,F,10,A,-4.12,7.0,25.0
1EL1A,4LYZ,A,R,73,K,0.23,6.4,74.0
1WQ5A,1WQ5,A,C,118,A,-1.36,9.0,50.0
3SSIA,3SSI,A,M,103,L,0.08,6.9,75.5
2AC0A,2OCJ,A,R,273,H,-0.13,7.2,10.0
1EY0A,1EY0,A,T,62,A,-2.23,7.0,20.0
1BNIA,1BNI,A,A,32,Q,-0.43,6.3,25.0
2ABDA,2ABD,A,Y,73,A,-4.77,5.3,5.0
1C5GA,1QLP,A,A,248,I,2.2,6.5,25.0
2LZMA,2LZM,A,I,3,Y,-2.39,5.4,59.3
1EY0A,1EY0,A,K,48,F,-0.25,7.0,20.0
1EY0A,1EY0,A,K,133,A,-1.32,7.0,20.0
1EL1A,1LZ1,A,D,67,H,-3.73,4.0,10.0
1EL1A,1LZ1,A,I,89,A,-2.7,2.7,64.9
1BNIA,1BNI,A,H,18,S,-2.19,6.3,25.0
1EY0A,1EY0,A,Q,30,A,-0.25,7.0,20.0
1BNIA,1BNI,A,T,26,D,-0.04,6.3,25.0
2RN2A,2RN2,A,K,95,N,0.89,4.6,50.8
1BTAA,1BTA,A,K,21,A,-1.04,8.0,25.0
2RN2A,2RN2,A,H,62,R,0.22,4.6,51.8
1EY0A,1EY0,A,A,58,V,-2.63,7.0,20.0
1RX4A,5DFR,A,I,94,L,-0.63,7.8,15.0
2LZMA,2LZM,A,V,131,T,-0.09,2.7,49.7
1EY0A,1EY0,A,V,111,I,-0.74,7.0,20.0
5CROA,5CRO,A,A,36,S,0.2,3.0,45.0
1CUNA,1AJ3,A,L,52,A,-2.8,7.0,25.0
1MJCA,1MJC,A,F,20,S,-1.16,7.0,25.0
1EL1A,1LZ1,A,V,74,D,-0.43,2.7,64.9
5CROA,5CRO,A,Y,26,L,0.55,7.0,45.0
1YYJA,1YYJ,A,F,61,A,-4.52,5.0,25.0
1TENA,1TEN,A,S,882,A,-2.58,5.0,25.0
3MBPA,3MBP,A,D,55,N,0.69,7.6,25.0
1EY0A,1EY0,A,Q,80,G,-1.25,7.0,20.0
1UZCA,1UZC,A,I,43,V,-1.21,5.7,9.9
1SCEA,1DKT,A,V,55,A,-0.73,7.5,10.0
1EL1A,1LZ1,A,V,74,F,-0.29,2.7,64.9
1BNIA,1BNI,A,N,58,A,-2.27,6.3,25.0
1EL1A,1HMK,A,W,60,A,-2.01,7.0,25.0
1TPKA,1TPK,A,V,65,I,0.3,4.5,64.3
1EY0A,1EY0,A,A,60,C,-1.12,7.0,20.0
1RX4A,5DFR,A,G,95,A,-0.9,7.8,15.0
1RTBA,1RTB,A,F,46,V,-4.55,6.0,24.9
1TITA,1TIT,A,V,13,A,-2.15,7.4,25.0
1VQBA,1VQB,A,V,45,A,-1.05,7.0,25.0
2ABDA,2ABD,A,E,67,A,-0.6,5.3,5.0
1EY0A,1EY0,A,V,114,G,-0.03,7.0,20.0
1CUNA,1AJ3,A,K,26,A,0.0,7.0,25.0
1EY0A,1EY0,A,L,25,A,-2.77,6.4,40.2
1BNIA,1BNI,A,I,25,A,-3.59,6.3,25.0
1MGRA,1LNI,A,Y,52,F,-3.6,7.0,25.0
1ROPA,1ROP,A,D,30,Q,1.8,7.0,69.0
1BNIA,1BNI,A,T,6,E,-0.27,6.3,25.0
1IOBA,2NVH,A,R,4,Q,-0.57,6.5,25.0
1FKJA,1FKJ,A,E,61,G,-2.2,7.5,25.0
1EL1A,1LZ1,A,V,2,F,-0.86,2.7,64.9
1SAKA,1SAK,A,E,349,A,-1.18,7.0,25.0
1HK0X,1HK0,X,V,170,A,1.3,7.0,37.0
2LZMA,2LZM,A,N,68,A,0.05,2.5,47.8
1PDOA,1PDO,A,W,69,F,-2.15,7.4,22.0
1EY0A,1EY0,A,D,19,K,-0.41,7.0,20.0
1EY0A,1EY0,A,A,112,V,-1.19,7.0,20.0
2LZMA,2LZM,A,V,131,M,0.12,3.0,53.1
1SHGA,1SHG,A,D,48,G,0.82,2.9,24.9
1HMSA,1HMS,A,Y,128,F,-2.68,8.0,25.0
1BVCA,1BVC,A,W,14,F,-1.1,7.8,4.0
1AKYA,1AKY,A,N,169,D,-2.15,7.5,25.0
2HPRA,1POH,A,S,46,N,0.39,7.0,30.0
1CUNA,1AJ3,A,N,44,A,0.2,7.0,25.0
2CI2I,2CI2,I,A,77,G,-1.42,6.3,25.0
1VQBA,1VQB,A,L,32,H,-0.45,7.0,25.0
1EY0A,1EY0,A,T,120,G,-1.87,7.0,20.0
1EL1A,4LYZ,A,N,46,D,-0.44,4.6,35.0
1ARRA,1ARR,A,L,19,Q,-0.9,7.5,25.0
1BNIA,1BNI,A,D,12,G,-0.76,5.3,25.0
2RN2A,2RN2,A,I,53,V,-0.2,5.5,25.0
1UZCA,1UZC,A,Q,38,A,-0.37,5.7,9.9
1EL1A,1LZ1,A,H,78,A,-0.14,2.7,64.9
1EY0A,1EY0,A,D,40,A,0.41,7.0,20.0
